index,LOCATION,INDICATOR,SUBJECT,TIME,Value
0,AUS,PISAMATH,BOY,2003,527.0
1,AUS,PISAMATH,BOY,2006,527.0
2,AUS,PISAMATH,BOY,2009,519.0
3,AUS,PISAMATH,BOY,2012,510.115
4,AUS,PISAMATH,BOY,2015,497.0
5,AUS,PISAMATH,BOY,2018,494.0
6,AUS,PISAMATH,GIRL,2003,522.0
7,AUS,PISAMATH,GIRL,2006,513.0
8,AUS,PISAMATH,GIRL,2009,509.0
9,AUS,PISAMATH,GIRL,2012,497.821
10,AUS,PISAMATH,GIRL,2015,491.0
11,AUS,PISAMATH,GIRL,2018,488.0
12,AUT,PISAMATH,BOY,2003,509.0
13,AUT,PISAMATH,BOY,2006,517.0
14,AUT,PISAMATH,BOY,2012,516.682
15,AUT,PISAMATH,BOY,2015,510.0
16,AUT,PISAMATH,BOY,2018,505.0
17,AUT,PISAMATH,GIRL,2003,502.0
18,AUT,PISAMATH,GIRL,2006,494.0
19,AUT,PISAMATH,GIRL,2012,494.462
20,AUT,PISAMATH,GIRL,2015,483.0
21,AUT,PISAMATH,GIRL,2018,492.0
22,BEL,PISAMATH,BOY,2003,533.0
23,BEL,PISAMATH,BOY,2006,524.0
24,BEL,PISAMATH,BOY,2009,526.0
25,BEL,PISAMATH,BOY,2012,520.081
26,BEL,PISAMATH,BOY,2015,514.0
27,BEL,PISAMATH,BOY,2018,514.0
28,BEL,PISAMATH,GIRL,2003,525.0
29,BEL,PISAMATH,GIRL,2006,517.0
30,BEL,PISAMATH,GIRL,2009,504.0
31,BEL,PISAMATH,GIRL,2012,508.935
32,BEL,PISAMATH,GIRL,2015,500.0
33,BEL,PISAMATH,GIRL,2018,502.0
34,CAN,PISAMATH,BOY,2003,541.0
35,CAN,PISAMATH,BOY,2006,534.0
36,CAN,PISAMATH,BOY,2009,533.0
37,CAN,PISAMATH,BOY,2012,523.154
38,CAN,PISAMATH,BOY,2015,520.0
39,CAN,PISAMATH,BOY,2018,514.0
40,CAN,PISAMATH,GIRL,2003,530.0
41,CAN,PISAMATH,GIRL,2006,520.0
42,CAN,PISAMATH,GIRL,2009,521.0
43,CAN,PISAMATH,GIRL,2012,513.022
44,CAN,PISAMATH,GIRL,2015,511.0
45,CAN,PISAMATH,GIRL,2018,510.0
46,CZE,PISAMATH,BOY,2003,524.0
47,CZE,PISAMATH,BOY,2006,514.0
48,CZE,PISAMATH,BOY,2009,495.0
49,CZE,PISAMATH,BOY,2012,504.71
50,CZE,PISAMATH,BOY,2015,496.0
51,CZE,PISAMATH,BOY,2018,501.0
52,CZE,PISAMATH,GIRL,2003,509.0
53,CZE,PISAMATH,GIRL,2006,504.0
54,CZE,PISAMATH,GIRL,2009,490.0
55,CZE,PISAMATH,GIRL,2012,492.903
56,CZE,PISAMATH,GIRL,2015,489.0
57,CZE,PISAMATH,GIRL,2018,498.0
58,DNK,PISAMATH,BOY,2003,523.0
59,DNK,PISAMATH,BOY,2006,518.0
60,DNK,PISAMATH,BOY,2009,511.0
61,DNK,PISAMATH,BOY,2012,506.953
62,DNK,PISAMATH,BOY,2015,516.0
63,DNK,PISAMATH,BOY,2018,511.0
64,DNK,PISAMATH,GIRL,2003,506.0
65,DNK,PISAMATH,GIRL,2006,508.0
66,DNK,PISAMATH,GIRL,2009,495.0
67,DNK,PISAMATH,GIRL,2012,493.029
68,DNK,PISAMATH,GIRL,2015,506.0
69,DNK,PISAMATH,GIRL,2018,507.0
70,FIN,PISAMATH,BOY,2003,548.0
71,FIN,PISAMATH,BOY,2006,554.0
72,FIN,PISAMATH,BOY,2009,542.0
73,FIN,PISAMATH,BOY,2012,517.391
74,FIN,PISAMATH,BOY,2015,507.0
75,FIN,PISAMATH,BOY,2018,504.0
76,FIN,PISAMATH,GIRL,2003,541.0
77,FIN,PISAMATH,GIRL,2006,543.0
78,FIN,PISAMATH,GIRL,2009,539.0
79,FIN,PISAMATH,GIRL,2012,520.185
80,FIN,PISAMATH,GIRL,2015,515.0
81,FIN,PISAMATH,GIRL,2018,510.0
82,FRA,PISAMATH,BOY,2003,515.0
83,FRA,PISAMATH,BOY,2006,499.0
84,FRA,PISAMATH,BOY,2009,505.0
85,FRA,PISAMATH,BOY,2012,499.355
86,FRA,PISAMATH,BOY,2015,496.0
87,FRA,PISAMATH,BOY,2018,499.0
88,FRA,PISAMATH,GIRL,2003,507.0
89,FRA,PISAMATH,GIRL,2006,492.0
90,FRA,PISAMATH,GIRL,2009,489.0
91,FRA,PISAMATH,GIRL,2012,490.853
92,FRA,PISAMATH,GIRL,2015,490.0
93,FRA,PISAMATH,GIRL,2018,492.0
94,DEU,PISAMATH,BOY,2003,508.0
95,DEU,PISAMATH,BOY,2006,513.0
96,DEU,PISAMATH,BOY,2009,520.0
97,DEU,PISAMATH,BOY,2012,520.19
98,DEU,PISAMATH,BOY,2015,514.0
99,DEU,PISAMATH,BOY,2018,503.0
100,DEU,PISAMATH,GIRL,2003,499.0
101,DEU,PISAMATH,GIRL,2006,494.0
102,DEU,PISAMATH,GIRL,2009,505.0
103,DEU,PISAMATH,GIRL,2012,506.625
104,DEU,PISAMATH,GIRL,2015,498.0
105,DEU,PISAMATH,GIRL,2018,496.0
106,GRC,PISAMATH,BOY,2003,455.0
107,GRC,PISAMATH,BOY,2006,462.0
108,GRC,PISAMATH,BOY,2009,473.0
109,GRC,PISAMATH,BOY,2012,457.039
110,GRC,PISAMATH,BOY,2015,454.0
111,GRC,PISAMATH,BOY,2018,452.0
112,GRC,PISAMATH,GIRL,2003,436.0
113,GRC,PISAMATH,GIRL,2006,457.0
114,GRC,PISAMATH,GIRL,2009,459.0
115,GRC,PISAMATH,GIRL,2012,448.984
116,GRC,PISAMATH,GIRL,2015,454.0
117,GRC,PISAMATH,GIRL,2018,451.0
118,HUN,PISAMATH,BOY,2003,494.0
119,HUN,PISAMATH,BOY,2006,496.0
120,HUN,PISAMATH,BOY,2009,496.0
121,HUN,PISAMATH,BOY,2012,481.749
122,HUN,PISAMATH,BOY,2015,481.0
123,HUN,PISAMATH,BOY,2018,486.0
124,HUN,PISAMATH,GIRL,2003,486.0
125,HUN,PISAMATH,GIRL,2006,486.0
126,HUN,PISAMATH,GIRL,2009,484.0
127,HUN,PISAMATH,GIRL,2012,472.664
128,HUN,PISAMATH,GIRL,2015,473.0
129,HUN,PISAMATH,GIRL,2018,477.0
130,ISL,PISAMATH,BOY,2003,508.0
131,ISL,PISAMATH,BOY,2006,503.0
132,ISL,PISAMATH,BOY,2009,508.0
133,ISL,PISAMATH,BOY,2012,489.72
134,ISL,PISAMATH,BOY,2015,487.0
135,ISL,PISAMATH,BOY,2018,490.0
136,ISL,PISAMATH,GIRL,2003,523.0
137,ISL,PISAMATH,GIRL,2006,508.0
138,ISL,PISAMATH,GIRL,2009,505.0
139,ISL,PISAMATH,GIRL,2012,495.947
140,ISL,PISAMATH,GIRL,2015,489.0
141,ISL,PISAMATH,GIRL,2018,500.0
142,IRL,PISAMATH,BOY,2003,510.0
143,IRL,PISAMATH,BOY,2006,507.0
144,IRL,PISAMATH,BOY,2009,491.0
145,IRL,PISAMATH,BOY,2012,509.035
146,IRL,PISAMATH,BOY,2015,512.0
147,IRL,PISAMATH,BOY,2018,503.0
148,IRL,PISAMATH,GIRL,2003,495.0
149,IRL,PISAMATH,GIRL,2006,496.0
150,IRL,PISAMATH,GIRL,2009,483.0
151,IRL,PISAMATH,GIRL,2012,493.705
152,IRL,PISAMATH,GIRL,2015,495.0
153,IRL,PISAMATH,GIRL,2018,497.0
154,ITA,PISAMATH,BOY,2003,475.0
155,ITA,PISAMATH,BOY,2006,470.0
156,ITA,PISAMATH,BOY,2009,490.0
157,ITA,PISAMATH,BOY,2012,494.199
158,ITA,PISAMATH,BOY,2015,500.0
159,ITA,PISAMATH,BOY,2018,494.0
160,ITA,PISAMATH,GIRL,2003,457.0
161,ITA,PISAMATH,GIRL,2006,453.0
162,ITA,PISAMATH,GIRL,2009,475.0
163,ITA,PISAMATH,GIRL,2012,475.794
164,ITA,PISAMATH,GIRL,2015,480.0
165,ITA,PISAMATH,GIRL,2018,479.0
166,JPN,PISAMATH,BOY,2003,539.0
167,JPN,PISAMATH,BOY,2006,533.0
168,JPN,PISAMATH,BOY,2009,534.0
169,JPN,PISAMATH,BOY,2012,544.884
170,JPN,PISAMATH,BOY,2015,539.0
171,JPN,PISAMATH,BOY,2018,532.0
172,JPN,PISAMATH,GIRL,2003,530.0
173,JPN,PISAMATH,GIRL,2006,513.0
174,JPN,PISAMATH,GIRL,2009,524.0
175,JPN,PISAMATH,GIRL,2012,527.011
176,JPN,PISAMATH,GIRL,2015,525.0
177,JPN,PISAMATH,GIRL,2018,522.0
178,KOR,PISAMATH,BOY,2003,552.0
179,KOR,PISAMATH,BOY,2006,552.0
180,KOR,PISAMATH,BOY,2009,548.0
181,KOR,PISAMATH,BOY,2012,562.114
182,KOR,PISAMATH,BOY,2015,521.0
183,KOR,PISAMATH,BOY,2018,528.0
184,KOR,PISAMATH,GIRL,2003,528.0
185,KOR,PISAMATH,GIRL,2006,543.0
186,KOR,PISAMATH,GIRL,2009,544.0
187,KOR,PISAMATH,GIRL,2012,544.193
188,KOR,PISAMATH,GIRL,2015,528.0
189,KOR,PISAMATH,GIRL,2018,524.0
190,LUX,PISAMATH,BOY,2003,502.0
191,LUX,PISAMATH,BOY,2006,498.0
192,LUX,PISAMATH,BOY,2009,499.0
193,LUX,PISAMATH,BOY,2012,502.193
194,LUX,PISAMATH,BOY,2015,491.0
195,LUX,PISAMATH,BOY,2018,487.0
196,LUX,PISAMATH,GIRL,2003,485.0
197,LUX,PISAMATH,GIRL,2006,482.0
198,LUX,PISAMATH,GIRL,2009,479.0
199,LUX,PISAMATH,GIRL,2012,477.117
200,LUX,PISAMATH,GIRL,2015,480.0
201,LUX,PISAMATH,GIRL,2018,480.0
202,MEX,PISAMATH,BOY,2003,391.0
203,MEX,PISAMATH,BOY,2006,410.0
204,MEX,PISAMATH,BOY,2009,425.0
205,MEX,PISAMATH,BOY,2012,420.411
206,MEX,PISAMATH,BOY,2015,412.0
207,MEX,PISAMATH,BOY,2018,415.0
208,MEX,PISAMATH,GIRL,2003,380.0
209,MEX,PISAMATH,GIRL,2006,401.0
210,MEX,PISAMATH,GIRL,2009,412.0
211,MEX,PISAMATH,GIRL,2012,406.427
212,MEX,PISAMATH,GIRL,2015,404.0
213,MEX,PISAMATH,GIRL,2018,403.0
214,NLD,PISAMATH,BOY,2003,540.0
215,NLD,PISAMATH,BOY,2006,537.0
216,NLD,PISAMATH,BOY,2009,534.0
217,NLD,PISAMATH,BOY,2012,527.967
218,NLD,PISAMATH,BOY,2015,513.0
219,NLD,PISAMATH,BOY,2018,520.0
220,NLD,PISAMATH,GIRL,2003,535.0
221,NLD,PISAMATH,GIRL,2006,524.0
222,NLD,PISAMATH,GIRL,2009,517.0
223,NLD,PISAMATH,GIRL,2012,517.738
224,NLD,PISAMATH,GIRL,2015,511.0
225,NLD,PISAMATH,GIRL,2018,519.0
226,NZL,PISAMATH,BOY,2003,531.0
227,NZL,PISAMATH,BOY,2006,527.0
228,NZL,PISAMATH,BOY,2009,523.0
229,NZL,PISAMATH,BOY,2012,507.112
230,NZL,PISAMATH,BOY,2015,499.0
231,NZL,PISAMATH,BOY,2018,499.0
232,NZL,PISAMATH,GIRL,2003,516.0
233,NZL,PISAMATH,GIRL,2006,517.0
234,NZL,PISAMATH,GIRL,2009,515.0
235,NZL,PISAMATH,GIRL,2012,492.057
236,NZL,PISAMATH,GIRL,2015,491.0
237,NZL,PISAMATH,GIRL,2018,490.0
238,NOR,PISAMATH,BOY,2003,498.0
239,NOR,PISAMATH,BOY,2006,493.0
240,NOR,PISAMATH,BOY,2009,500.0
241,NOR,PISAMATH,BOY,2012,490.399
242,NOR,PISAMATH,BOY,2015,501.0
243,NOR,PISAMATH,BOY,2018,497.0
244,NOR,PISAMATH,GIRL,2003,492.0
245,NOR,PISAMATH,GIRL,2006,487.0
246,NOR,PISAMATH,GIRL,2009,495.0
247,NOR,PISAMATH,GIRL,2012,488.293
248,NOR,PISAMATH,GIRL,2015,503.0
249,NOR,PISAMATH,GIRL,2018,505.0
250,POL,PISAMATH,BOY,2003,493.0
251,POL,PISAMATH,BOY,2006,500.0
252,POL,PISAMATH,BOY,2009,497.0
253,POL,PISAMATH,BOY,2012,519.564
254,POL,PISAMATH,BOY,2015,510.0
255,POL,PISAMATH,BOY,2018,516.0
256,POL,PISAMATH,GIRL,2003,487.0
257,POL,PISAMATH,GIRL,2006,491.0
258,POL,PISAMATH,GIRL,2009,493.0
259,POL,PISAMATH,GIRL,2012,515.533
260,POL,PISAMATH,GIRL,2015,499.0
261,POL,PISAMATH,GIRL,2018,515.0
262,PRT,PISAMATH,BOY,2003,472.0
263,PRT,PISAMATH,BOY,2006,474.0
264,PRT,PISAMATH,BOY,2009,493.0
265,PRT,PISAMATH,BOY,2012,492.703
266,PRT,PISAMATH,BOY,2015,497.0
267,PRT,PISAMATH,BOY,2018,497.0
268,PRT,PISAMATH,GIRL,2003,460.0
269,PRT,PISAMATH,GIRL,2006,459.0
270,PRT,PISAMATH,GIRL,2009,481.0
271,PRT,PISAMATH,GIRL,2012,481.296
272,PRT,PISAMATH,GIRL,2015,487.0
273,PRT,PISAMATH,GIRL,2018,488.0
274,SVK,PISAMATH,BOY,2003,507.0
275,SVK,PISAMATH,BOY,2006,499.0
276,SVK,PISAMATH,BOY,2009,498.0
277,SVK,PISAMATH,BOY,2012,486.134
278,SVK,PISAMATH,BOY,2015,478.0
279,SVK,PISAMATH,BOY,2018,488.0
280,SVK,PISAMATH,GIRL,2003,489.0
281,SVK,PISAMATH,GIRL,2006,485.0
282,SVK,PISAMATH,GIRL,2009,495.0
283,SVK,PISAMATH,GIRL,2012,476.712
284,SVK,PISAMATH,GIRL,2015,472.0
285,SVK,PISAMATH,GIRL,2018,484.0
286,ESP,PISAMATH,BOY,2003,490.0
287,ESP,PISAMATH,BOY,2006,484.0
288,ESP,PISAMATH,BOY,2009,493.0
289,ESP,PISAMATH,BOY,2012,492.422
290,ESP,PISAMATH,BOY,2015,494.0
291,ESP,PISAMATH,BOY,2018,485.0
292,ESP,PISAMATH,GIRL,2003,481.0
293,ESP,PISAMATH,GIRL,2006,476.0
294,ESP,PISAMATH,GIRL,2009,474.0
295,ESP,PISAMATH,GIRL,2012,475.965
296,ESP,PISAMATH,GIRL,2015,478.0
297,ESP,PISAMATH,GIRL,2018,478.0
298,SWE,PISAMATH,BOY,2003,512.0
299,SWE,PISAMATH,BOY,2006,505.0
300,SWE,PISAMATH,BOY,2009,493.0
301,SWE,PISAMATH,BOY,2012,476.916
302,SWE,PISAMATH,BOY,2015,493.0
303,SWE,PISAMATH,BOY,2018,502.0
304,SWE,PISAMATH,GIRL,2003,506.0
305,SWE,PISAMATH,GIRL,2006,500.0
306,SWE,PISAMATH,GIRL,2009,495.0
307,SWE,PISAMATH,GIRL,2012,479.629
308,SWE,PISAMATH,GIRL,2015,495.0
309,SWE,PISAMATH,GIRL,2018,503.0
310,CHE,PISAMATH,BOY,2003,535.0
311,CHE,PISAMATH,BOY,2006,536.0
312,CHE,PISAMATH,BOY,2009,544.0
313,CHE,PISAMATH,BOY,2012,537.369
314,CHE,PISAMATH,BOY,2015,527.0
315,CHE,PISAMATH,BOY,2018,519.0
316,CHE,PISAMATH,GIRL,2003,518.0
317,CHE,PISAMATH,GIRL,2006,523.0
318,CHE,PISAMATH,GIRL,2009,524.0
319,CHE,PISAMATH,GIRL,2012,524.473
320,CHE,PISAMATH,GIRL,2015,515.0
321,CHE,PISAMATH,GIRL,2018,512.0
322,TUR,PISAMATH,BOY,2003,430.0
323,TUR,PISAMATH,BOY,2006,427.0
324,TUR,PISAMATH,BOY,2009,451.0
325,TUR,PISAMATH,BOY,2012,451.934
326,TUR,PISAMATH,BOY,2015,423.0
327,TUR,PISAMATH,BOY,2018,456.0
328,TUR,PISAMATH,GIRL,2003,415.0
329,TUR,PISAMATH,GIRL,2006,421.0
330,TUR,PISAMATH,GIRL,2009,440.0
331,TUR,PISAMATH,GIRL,2012,443.948
332,TUR,PISAMATH,GIRL,2015,418.0
333,TUR,PISAMATH,GIRL,2018,451.0
334,GBR,PISAMATH,BOY,2006,504.0
335,GBR,PISAMATH,BOY,2009,503.0
336,GBR,PISAMATH,BOY,2012,500.295
337,GBR,PISAMATH,BOY,2015,498.0
338,GBR,PISAMATH,BOY,2018,508.0
339,GBR,PISAMATH,GIRL,2006,487.0
340,GBR,PISAMATH,GIRL,2009,482.0
341,GBR,PISAMATH,GIRL,2012,487.815
342,GBR,PISAMATH,GIRL,2015,487.0
343,GBR,PISAMATH,GIRL,2018,496.0
344,USA,PISAMATH,BOY,2003,486.0
345,USA,PISAMATH,BOY,2006,479.0
346,USA,PISAMATH,BOY,2009,497.0
347,USA,PISAMATH,BOY,2012,483.647
348,USA,PISAMATH,BOY,2015,474.0
349,USA,PISAMATH,BOY,2018,482.0
350,USA,PISAMATH,GIRL,2003,480.0
351,USA,PISAMATH,GIRL,2006,470.0
352,USA,PISAMATH,GIRL,2009,477.0
353,USA,PISAMATH,GIRL,2012,478.995
354,USA,PISAMATH,GIRL,2015,465.0
355,USA,PISAMATH,GIRL,2018,474.0
356,BRA,PISAMATH,BOY,2003,365.0
357,BRA,PISAMATH,BOY,2006,380.0
358,BRA,PISAMATH,BOY,2009,394.0
359,BRA,PISAMATH,BOY,2012,400.769
360,BRA,PISAMATH,BOY,2015,385.0
361,BRA,PISAMATH,BOY,2018,388.0
362,BRA,PISAMATH,GIRL,2003,348.0
363,BRA,PISAMATH,GIRL,2006,361.0
364,BRA,PISAMATH,GIRL,2009,379.0
365,BRA,PISAMATH,GIRL,2012,382.925
366,BRA,PISAMATH,GIRL,2015,370.0
367,BRA,PISAMATH,GIRL,2018,379.0
368,CHL,PISAMATH,BOY,2006,424.0
369,CHL,PISAMATH,BOY,2009,431.0
370,CHL,PISAMATH,BOY,2012,435.525
371,CHL,PISAMATH,BOY,2015,432.0
372,CHL,PISAMATH,BOY,2018,421.0
373,CHL,PISAMATH,GIRL,2006,396.0
374,CHL,PISAMATH,GIRL,2009,410.0
375,CHL,PISAMATH,GIRL,2012,410.543
376,CHL,PISAMATH,GIRL,2015,413.0
377,CHL,PISAMATH,GIRL,2018,414.0
378,EST,PISAMATH,BOY,2006,515.0
379,EST,PISAMATH,BOY,2009,516.0
380,EST,PISAMATH,BOY,2012,523.214
381,EST,PISAMATH,BOY,2015,522.0
382,EST,PISAMATH,BOY,2018,528.0
383,EST,PISAMATH,GIRL,2006,514.0
384,EST,PISAMATH,GIRL,2009,508.0
385,EST,PISAMATH,GIRL,2012,517.93
386,EST,PISAMATH,GIRL,2015,517.0
387,EST,PISAMATH,GIRL,2018,519.0
388,IDN,PISAMATH,BOY,2003,362.0
389,IDN,PISAMATH,BOY,2006,399.0
390,IDN,PISAMATH,BOY,2009,371.0
391,IDN,PISAMATH,BOY,2012,377.376
392,IDN,PISAMATH,BOY,2015,385.0
393,IDN,PISAMATH,BOY,2018,374.0
394,IDN,PISAMATH,GIRL,2003,358.0
395,IDN,PISAMATH,GIRL,2006,382.0
396,IDN,PISAMATH,GIRL,2009,372.0
397,IDN,PISAMATH,GIRL,2012,372.785
398,IDN,PISAMATH,GIRL,2015,387.0
399,IDN,PISAMATH,GIRL,2018,383.0
400,ISR,PISAMATH,BOY,2006,448.0
401,ISR,PISAMATH,BOY,2009,451.0
402,ISR,PISAMATH,BOY,2012,472.398
403,ISR,PISAMATH,BOY,2015,474.0
404,ISR,PISAMATH,BOY,2018,458.0
405,ISR,PISAMATH,GIRL,2006,436.0
406,ISR,PISAMATH,GIRL,2009,443.0
407,ISR,PISAMATH,GIRL,2012,460.749
408,ISR,PISAMATH,GIRL,2015,466.0
409,ISR,PISAMATH,GIRL,2018,467.0
410,RUS,PISAMATH,BOY,2003,473.0
411,RUS,PISAMATH,BOY,2009,469.0
412,RUS,PISAMATH,BOY,2012,481.394
413,RUS,PISAMATH,BOY,2015,497.0
414,RUS,PISAMATH,BOY,2018,490.0
415,RUS,PISAMATH,GIRL,2003,463.0
416,RUS,PISAMATH,GIRL,2009,467.0
417,RUS,PISAMATH,GIRL,2012,482.944
418,RUS,PISAMATH,GIRL,2015,491.0
419,RUS,PISAMATH,GIRL,2018,485.0
420,SVN,PISAMATH,BOY,2006,507.0
421,SVN,PISAMATH,BOY,2009,502.0
422,SVN,PISAMATH,BOY,2012,502.748
423,SVN,PISAMATH,BOY,2015,512.0
424,SVN,PISAMATH,BOY,2018,509.0
425,SVN,PISAMATH,GIRL,2006,502.0
426,SVN,PISAMATH,GIRL,2009,501.0
427,SVN,PISAMATH,GIRL,2012,499.387
428,SVN,PISAMATH,GIRL,2015,508.0
429,SVN,PISAMATH,GIRL,2018,509.0
430,OAVG,PISAMATH,BOY,2003,505.333
431,OAVG,PISAMATH,BOY,2006,499.706
432,OAVG,PISAMATH,BOY,2009,501.382
433,OAVG,PISAMATH,BOY,2012,499.421
434,OAVG,PISAMATH,BOY,2015,494.0
435,OAVG,PISAMATH,BOY,2018,492.0
436,OAVG,PISAMATH,GIRL,2003,494.833
437,OAVG,PISAMATH,GIRL,2006,488.588
438,OAVG,PISAMATH,GIRL,2009,489.794
439,OAVG,PISAMATH,GIRL,2012,488.551
440,OAVG,PISAMATH,GIRL,2015,486.0
441,OAVG,PISAMATH,GIRL,2018,487.0
442,LVA,PISAMATH,BOY,2015,481.0
443,LVA,PISAMATH,BOY,2018,500.0
444,LVA,PISAMATH,GIRL,2015,483.0
445,LVA,PISAMATH,GIRL,2018,493.0
446,AUS,PISAMATH,TOT,2003,524.0
447,AUS,PISAMATH,TOT,2006,520.0
448,AUS,PISAMATH,TOT,2009,514.0
449,AUS,PISAMATH,TOT,2012,504.0
450,AUS,PISAMATH,TOT,2015,494.0
451,AUS,PISAMATH,TOT,2018,491.0
452,AUT,PISAMATH,TOT,2003,506.0
453,AUT,PISAMATH,TOT,2006,505.0
454,AUT,PISAMATH,TOT,2012,506.0
455,AUT,PISAMATH,TOT,2015,497.0
456,AUT,PISAMATH,TOT,2018,499.0
457,BEL,PISAMATH,TOT,2003,529.0
458,BEL,PISAMATH,TOT,2006,520.0
459,BEL,PISAMATH,TOT,2009,515.0
460,BEL,PISAMATH,TOT,2012,515.0
461,BEL,PISAMATH,TOT,2015,507.0
462,BEL,PISAMATH,TOT,2018,508.0
463,CAN,PISAMATH,TOT,2003,532.0
464,CAN,PISAMATH,TOT,2006,527.0
465,CAN,PISAMATH,TOT,2009,527.0
466,CAN,PISAMATH,TOT,2012,518.0
467,CAN,PISAMATH,TOT,2015,516.0
468,CAN,PISAMATH,TOT,2018,512.0
469,CZE,PISAMATH,TOT,2003,516.0
470,CZE,PISAMATH,TOT,2006,510.0
471,CZE,PISAMATH,TOT,2009,493.0
472,CZE,PISAMATH,TOT,2012,499.0
473,CZE,PISAMATH,TOT,2015,492.0
474,CZE,PISAMATH,TOT,2018,499.0
475,DNK,PISAMATH,TOT,2003,514.0
476,DNK,PISAMATH,TOT,2006,513.0
477,DNK,PISAMATH,TOT,2009,503.0
478,DNK,PISAMATH,TOT,2012,500.0
479,DNK,PISAMATH,TOT,2015,511.0
480,DNK,PISAMATH,TOT,2018,509.0
481,FIN,PISAMATH,TOT,2003,544.0
482,FIN,PISAMATH,TOT,2006,548.0
483,FIN,PISAMATH,TOT,2009,541.0
484,FIN,PISAMATH,TOT,2012,519.0
485,FIN,PISAMATH,TOT,2015,511.0
486,FIN,PISAMATH,TOT,2018,507.0
487,FRA,PISAMATH,TOT,2003,511.0
488,FRA,PISAMATH,TOT,2006,496.0
489,FRA,PISAMATH,TOT,2009,497.0
490,FRA,PISAMATH,TOT,2012,495.0
491,FRA,PISAMATH,TOT,2015,493.0
492,FRA,PISAMATH,TOT,2018,495.0
493,DEU,PISAMATH,TOT,2003,503.0
494,DEU,PISAMATH,TOT,2006,504.0
495,DEU,PISAMATH,TOT,2009,513.0
496,DEU,PISAMATH,TOT,2012,514.0
497,DEU,PISAMATH,TOT,2015,506.0
498,DEU,PISAMATH,TOT,2018,500.0
499,GRC,PISAMATH,TOT,2003,445.0
500,GRC,PISAMATH,TOT,2006,459.0
501,GRC,PISAMATH,TOT,2009,466.0
502,GRC,PISAMATH,TOT,2012,453.0
503,GRC,PISAMATH,TOT,2015,454.0
504,GRC,PISAMATH,TOT,2018,451.0
505,HUN,PISAMATH,TOT,2003,490.0
506,HUN,PISAMATH,TOT,2006,491.0
507,HUN,PISAMATH,TOT,2009,490.0
508,HUN,PISAMATH,TOT,2012,477.0
509,HUN,PISAMATH,TOT,2015,477.0
510,HUN,PISAMATH,TOT,2018,481.0
511,ISL,PISAMATH,TOT,2003,515.0
512,ISL,PISAMATH,TOT,2006,506.0
513,ISL,PISAMATH,TOT,2009,507.0
514,ISL,PISAMATH,TOT,2012,493.0
515,ISL,PISAMATH,TOT,2015,488.0
516,ISL,PISAMATH,TOT,2018,495.0
517,IRL,PISAMATH,TOT,2003,503.0
518,IRL,PISAMATH,TOT,2006,501.0
519,IRL,PISAMATH,TOT,2009,487.0
520,IRL,PISAMATH,TOT,2012,501.0
521,IRL,PISAMATH,TOT,2015,504.0
522,IRL,PISAMATH,TOT,2018,500.0
523,ITA,PISAMATH,TOT,2003,466.0
524,ITA,PISAMATH,TOT,2006,462.0
525,ITA,PISAMATH,TOT,2009,483.0
526,ITA,PISAMATH,TOT,2012,485.0
527,ITA,PISAMATH,TOT,2015,490.0
528,ITA,PISAMATH,TOT,2018,487.0
529,JPN,PISAMATH,TOT,2003,534.0
530,JPN,PISAMATH,TOT,2006,523.0
531,JPN,PISAMATH,TOT,2009,529.0
532,JPN,PISAMATH,TOT,2012,536.0
533,JPN,PISAMATH,TOT,2015,532.0
534,JPN,PISAMATH,TOT,2018,527.0
535,KOR,PISAMATH,TOT,2003,542.0
536,KOR,PISAMATH,TOT,2006,547.0
537,KOR,PISAMATH,TOT,2009,546.0
538,KOR,PISAMATH,TOT,2012,554.0
539,KOR,PISAMATH,TOT,2015,524.0
540,KOR,PISAMATH,TOT,2018,526.0
541,LUX,PISAMATH,TOT,2003,493.0
542,LUX,PISAMATH,TOT,2006,490.0
543,LUX,PISAMATH,TOT,2009,489.0
544,LUX,PISAMATH,TOT,2012,490.0
545,LUX,PISAMATH,TOT,2015,486.0
546,LUX,PISAMATH,TOT,2018,483.0
547,MEX,PISAMATH,TOT,2003,385.0
548,MEX,PISAMATH,TOT,2006,406.0
549,MEX,PISAMATH,TOT,2009,419.0
550,MEX,PISAMATH,TOT,2012,413.0
551,MEX,PISAMATH,TOT,2015,408.0
552,MEX,PISAMATH,TOT,2018,409.0
553,NLD,PISAMATH,TOT,2003,538.0
554,NLD,PISAMATH,TOT,2006,531.0
555,NLD,PISAMATH,TOT,2009,526.0
556,NLD,PISAMATH,TOT,2012,523.0
557,NLD,PISAMATH,TOT,2015,512.0
558,NLD,PISAMATH,TOT,2018,519.0
559,NZL,PISAMATH,TOT,2003,523.0
560,NZL,PISAMATH,TOT,2006,522.0
561,NZL,PISAMATH,TOT,2009,519.0
562,NZL,PISAMATH,TOT,2012,500.0
563,NZL,PISAMATH,TOT,2015,495.0
564,NZL,PISAMATH,TOT,2018,494.0
565,NOR,PISAMATH,TOT,2003,495.0
566,NOR,PISAMATH,TOT,2006,490.0
567,NOR,PISAMATH,TOT,2009,498.0
568,NOR,PISAMATH,TOT,2012,489.0
569,NOR,PISAMATH,TOT,2015,502.0
570,NOR,PISAMATH,TOT,2018,501.0
571,POL,PISAMATH,TOT,2003,490.0
572,POL,PISAMATH,TOT,2006,495.0
573,POL,PISAMATH,TOT,2009,495.0
574,POL,PISAMATH,TOT,2012,518.0
575,POL,PISAMATH,TOT,2015,504.0
576,POL,PISAMATH,TOT,2018,516.0
577,PRT,PISAMATH,TOT,2003,466.0
578,PRT,PISAMATH,TOT,2006,466.0
579,PRT,PISAMATH,TOT,2009,487.0
580,PRT,PISAMATH,TOT,2012,487.0
581,PRT,PISAMATH,TOT,2015,492.0
582,PRT,PISAMATH,TOT,2018,492.0
583,SVK,PISAMATH,TOT,2003,498.0
584,SVK,PISAMATH,TOT,2006,492.0
585,SVK,PISAMATH,TOT,2009,497.0
586,SVK,PISAMATH,TOT,2012,482.0
587,SVK,PISAMATH,TOT,2015,475.0
588,SVK,PISAMATH,TOT,2018,486.0
589,ESP,PISAMATH,TOT,2003,485.0
590,ESP,PISAMATH,TOT,2006,480.0
591,ESP,PISAMATH,TOT,2009,483.0
592,ESP,PISAMATH,TOT,2012,484.0
593,ESP,PISAMATH,TOT,2015,486.0
594,ESP,PISAMATH,TOT,2018,481.0
595,SWE,PISAMATH,TOT,2003,509.0
596,SWE,PISAMATH,TOT,2006,502.0
597,SWE,PISAMATH,TOT,2009,494.0
598,SWE,PISAMATH,TOT,2012,478.0
599,SWE,PISAMATH,TOT,2015,494.0
600,SWE,PISAMATH,TOT,2018,502.0
601,CHE,PISAMATH,TOT,2003,527.0
602,CHE,PISAMATH,TOT,2006,530.0
603,CHE,PISAMATH,TOT,2009,534.0
604,CHE,PISAMATH,TOT,2012,531.0
605,CHE,PISAMATH,TOT,2015,521.0
606,CHE,PISAMATH,TOT,2018,515.0
607,TUR,PISAMATH,TOT,2003,423.0
608,TUR,PISAMATH,TOT,2006,424.0
609,TUR,PISAMATH,TOT,2009,445.0
610,TUR,PISAMATH,TOT,2012,448.0
611,TUR,PISAMATH,TOT,2015,420.0
612,TUR,PISAMATH,TOT,2018,454.0
613,GBR,PISAMATH,TOT,2006,495.0
614,GBR,PISAMATH,TOT,2009,492.0
615,GBR,PISAMATH,TOT,2012,494.0
616,GBR,PISAMATH,TOT,2015,492.0
617,GBR,PISAMATH,TOT,2018,502.0
618,USA,PISAMATH,TOT,2003,483.0
619,USA,PISAMATH,TOT,2006,474.0
620,USA,PISAMATH,TOT,2009,487.0
621,USA,PISAMATH,TOT,2012,481.0
622,USA,PISAMATH,TOT,2015,470.0
623,USA,PISAMATH,TOT,2018,478.0
624,BRA,PISAMATH,TOT,2003,356.0
625,BRA,PISAMATH,TOT,2006,370.0
626,BRA,PISAMATH,TOT,2009,386.0
627,BRA,PISAMATH,TOT,2012,389.0
628,BRA,PISAMATH,TOT,2015,377.0
629,BRA,PISAMATH,TOT,2018,384.0
630,CHL,PISAMATH,TOT,2006,411.0
631,CHL,PISAMATH,TOT,2009,421.0
632,CHL,PISAMATH,TOT,2012,423.0
633,CHL,PISAMATH,TOT,2015,423.0
634,CHL,PISAMATH,TOT,2018,417.0
635,EST,PISAMATH,TOT,2006,515.0
636,EST,PISAMATH,TOT,2009,512.0
637,EST,PISAMATH,TOT,2012,521.0
638,EST,PISAMATH,TOT,2015,520.0
639,EST,PISAMATH,TOT,2018,523.0
640,IDN,PISAMATH,TOT,2003,360.0
641,IDN,PISAMATH,TOT,2006,391.0
642,IDN,PISAMATH,TOT,2009,371.0
643,IDN,PISAMATH,TOT,2012,375.0
644,IDN,PISAMATH,TOT,2015,386.0
645,IDN,PISAMATH,TOT,2018,379.0
646,ISR,PISAMATH,TOT,2006,442.0
647,ISR,PISAMATH,TOT,2009,447.0
648,ISR,PISAMATH,TOT,2012,466.0
649,ISR,PISAMATH,TOT,2015,470.0
650,ISR,PISAMATH,TOT,2018,463.0
651,LVA,PISAMATH,TOT,2003,483.0
652,LVA,PISAMATH,TOT,2006,486.0
653,LVA,PISAMATH,TOT,2009,482.0
654,LVA,PISAMATH,TOT,2012,491.0
655,LVA,PISAMATH,TOT,2015,482.0
656,LVA,PISAMATH,TOT,2018,496.0
657,RUS,PISAMATH,TOT,2003,468.0
658,RUS,PISAMATH,TOT,2006,476.0
659,RUS,PISAMATH,TOT,2009,468.0
660,RUS,PISAMATH,TOT,2012,482.0
661,RUS,PISAMATH,TOT,2015,494.0
662,RUS,PISAMATH,TOT,2018,488.0
663,SGP,PISAMATH,BOY,2015,564.0
664,SGP,PISAMATH,GIRL,2015,564.0
665,SVN,PISAMATH,TOT,2006,504.0
666,SVN,PISAMATH,TOT,2009,501.0
667,SVN,PISAMATH,TOT,2012,501.0
668,SVN,PISAMATH,TOT,2015,510.0
669,SVN,PISAMATH,TOT,2018,509.0
670,OAVG,PISAMATH,TOT,2006,494.0
671,OAVG,PISAMATH,TOT,2009,495.0
672,OAVG,PISAMATH,TOT,2012,494.0
673,OAVG,PISAMATH,TOT,2015,490.0
674,OAVG,PISAMATH,TOT,2018,489.0
675,COL,PISAMATH,TOT,2015,390.0
676,COL,PISAMATH,TOT,2018,391.0
677,COL,PISAMATH,BOY,2015,395.0
678,COL,PISAMATH,BOY,2018,401.0
679,COL,PISAMATH,GIRL,2015,384.0
680,COL,PISAMATH,GIRL,2018,381.0
681,HKG,PISAMATH,TOT,2015,548.0
682,HKG,PISAMATH,BOY,2015,549.0
683,HKG,PISAMATH,GIRL,2015,547.0
684,PER,PISAMATH,TOT,2015,387.0
685,PER,PISAMATH,BOY,2015,391.0
686,PER,PISAMATH,GIRL,2015,382.0
687,SGP,PISAMATH,TOT,2015,564.0
688,TWN,PISAMATH,TOT,2015,542.0
689,TWN,PISAMATH,BOY,2015,545.0
690,TWN,PISAMATH,GIRL,2015,539.0
691,MAC,PISAMATH,TOT,2015,544.0
692,MAC,PISAMATH,BOY,2015,540.0
693,MAC,PISAMATH,GIRL,2015,548.0
694,CRI,PISAMATH,TOT,2018,402.0
695,CRI,PISAMATH,BOY,2018,411.0
696,CRI,PISAMATH,GIRL,2018,394.0
697,LTU,PISAMATH,TOT,2018,481.0
698,LTU,PISAMATH,BOY,2018,480.0
699,LTU,PISAMATH,GIRL,2018,482.0
700,AUS,PISAREAD,BOY,2000,513.0
701,AUS,PISAREAD,BOY,2003,506.0
702,AUS,PISAREAD,BOY,2006,495.0
703,AUS,PISAREAD,BOY,2009,496.0
704,AUS,PISAREAD,BOY,2012,495.09
705,AUS,PISAREAD,BOY,2015,487.0
706,AUS,PISAREAD,BOY,2018,487.0
707,AUS,PISAREAD,GIRL,2000,546.0
708,AUS,PISAREAD,GIRL,2003,545.0
709,AUS,PISAREAD,GIRL,2006,532.0
710,AUS,PISAREAD,GIRL,2009,533.0
711,AUS,PISAREAD,GIRL,2012,529.542
712,AUS,PISAREAD,GIRL,2015,519.0
713,AUS,PISAREAD,GIRL,2018,519.0
714,AUT,PISAREAD,BOY,2000,476.0
715,AUT,PISAREAD,BOY,2003,467.0
716,AUT,PISAREAD,BOY,2006,468.0
717,AUT,PISAREAD,BOY,2012,471.093
718,AUT,PISAREAD,BOY,2015,475.0
719,AUT,PISAREAD,BOY,2018,471.0
720,AUT,PISAREAD,GIRL,2000,509.0
721,AUT,PISAREAD,GIRL,2003,514.0
722,AUT,PISAREAD,GIRL,2006,513.0
723,AUT,PISAREAD,GIRL,2012,508.021
724,AUT,PISAREAD,GIRL,2015,495.0
725,AUT,PISAREAD,GIRL,2018,499.0
726,BEL,PISAREAD,BOY,2000,492.0
727,BEL,PISAREAD,BOY,2003,489.0
728,BEL,PISAREAD,BOY,2006,482.0
729,BEL,PISAREAD,BOY,2009,493.0
730,BEL,PISAREAD,BOY,2012,492.755
731,BEL,PISAREAD,BOY,2015,491.0
732,BEL,PISAREAD,BOY,2018,482.0
733,BEL,PISAREAD,GIRL,2000,525.0
734,BEL,PISAREAD,GIRL,2003,526.0
735,BEL,PISAREAD,GIRL,2006,522.0
736,BEL,PISAREAD,GIRL,2009,520.0
737,BEL,PISAREAD,GIRL,2012,524.602
738,BEL,PISAREAD,GIRL,2015,507.0
739,BEL,PISAREAD,GIRL,2018,504.0
740,CAN,PISAREAD,BOY,2000,519.0
741,CAN,PISAREAD,BOY,2003,514.0
742,CAN,PISAREAD,BOY,2006,511.0
743,CAN,PISAREAD,BOY,2009,507.0
744,CAN,PISAREAD,BOY,2012,505.512
745,CAN,PISAREAD,BOY,2015,514.0
746,CAN,PISAREAD,BOY,2018,506.0
747,CAN,PISAREAD,GIRL,2000,551.0
748,CAN,PISAREAD,GIRL,2003,546.0
749,CAN,PISAREAD,GIRL,2006,543.0
750,CAN,PISAREAD,GIRL,2009,542.0
751,CAN,PISAREAD,GIRL,2012,540.657
752,CAN,PISAREAD,GIRL,2015,540.0
753,CAN,PISAREAD,GIRL,2018,535.0
754,CZE,PISAREAD,BOY,2000,473.0
755,CZE,PISAREAD,BOY,2003,473.0
756,CZE,PISAREAD,BOY,2006,463.0
757,CZE,PISAREAD,BOY,2009,456.0
758,CZE,PISAREAD,BOY,2012,473.983
759,CZE,PISAREAD,BOY,2015,475.0
760,CZE,PISAREAD,BOY,2018,474.0
761,CZE,PISAREAD,GIRL,2000,510.0
762,CZE,PISAREAD,GIRL,2003,504.0
763,CZE,PISAREAD,GIRL,2006,509.0
764,CZE,PISAREAD,GIRL,2009,504.0
765,CZE,PISAREAD,GIRL,2012,512.79
766,CZE,PISAREAD,GIRL,2015,501.0
767,CZE,PISAREAD,GIRL,2018,507.0
768,DNK,PISAREAD,BOY,2000,485.0
769,DNK,PISAREAD,BOY,2003,479.0
770,DNK,PISAREAD,BOY,2006,480.0
771,DNK,PISAREAD,BOY,2009,480.0
772,DNK,PISAREAD,BOY,2012,480.89
773,DNK,PISAREAD,BOY,2015,489.0
774,DNK,PISAREAD,BOY,2018,486.0
775,DNK,PISAREAD,GIRL,2000,510.0
776,DNK,PISAREAD,GIRL,2003,505.0
777,DNK,PISAREAD,GIRL,2006,509.0
778,DNK,PISAREAD,GIRL,2009,509.0
779,DNK,PISAREAD,GIRL,2012,511.529
780,DNK,PISAREAD,GIRL,2015,511.0
781,DNK,PISAREAD,GIRL,2018,516.0
782,FIN,PISAREAD,BOY,2000,520.0
783,FIN,PISAREAD,BOY,2003,521.0
784,FIN,PISAREAD,BOY,2006,521.0
785,FIN,PISAREAD,BOY,2009,508.0
786,FIN,PISAREAD,BOY,2012,494.006
787,FIN,PISAREAD,BOY,2015,504.0
788,FIN,PISAREAD,BOY,2018,495.0
789,FIN,PISAREAD,GIRL,2000,571.0
790,FIN,PISAREAD,GIRL,2003,565.0
791,FIN,PISAREAD,GIRL,2006,572.0
792,FIN,PISAREAD,GIRL,2009,563.0
793,FIN,PISAREAD,GIRL,2012,555.708
794,FIN,PISAREAD,GIRL,2015,551.0
795,FIN,PISAREAD,GIRL,2018,546.0
796,FRA,PISAREAD,BOY,2000,490.0
797,FRA,PISAREAD,BOY,2003,476.0
798,FRA,PISAREAD,BOY,2006,470.0
799,FRA,PISAREAD,BOY,2009,475.0
800,FRA,PISAREAD,BOY,2012,482.972
801,FRA,PISAREAD,BOY,2015,485.0
802,FRA,PISAREAD,BOY,2018,480.0
803,FRA,PISAREAD,GIRL,2000,519.0
804,FRA,PISAREAD,GIRL,2003,514.0
805,FRA,PISAREAD,GIRL,2006,505.0
806,FRA,PISAREAD,GIRL,2009,515.0
807,FRA,PISAREAD,GIRL,2012,526.765
808,FRA,PISAREAD,GIRL,2015,514.0
809,FRA,PISAREAD,GIRL,2018,505.0
810,DEU,PISAREAD,BOY,2000,468.0
811,DEU,PISAREAD,BOY,2003,471.0
812,DEU,PISAREAD,BOY,2006,475.0
813,DEU,PISAREAD,BOY,2009,478.0
814,DEU,PISAREAD,BOY,2012,486.0
815,DEU,PISAREAD,BOY,2015,499.0
816,DEU,PISAREAD,BOY,2018,486.0
817,DEU,PISAREAD,GIRL,2000,502.0
818,DEU,PISAREAD,GIRL,2003,513.0
819,DEU,PISAREAD,GIRL,2006,517.0
820,DEU,PISAREAD,GIRL,2009,518.0
821,DEU,PISAREAD,GIRL,2012,530.119
822,DEU,PISAREAD,GIRL,2015,520.0
823,DEU,PISAREAD,GIRL,2018,512.0
824,GRC,PISAREAD,BOY,2000,456.0
825,GRC,PISAREAD,BOY,2003,453.0
826,GRC,PISAREAD,BOY,2006,432.0
827,GRC,PISAREAD,BOY,2009,459.0
828,GRC,PISAREAD,BOY,2012,451.718
829,GRC,PISAREAD,BOY,2015,449.0
830,GRC,PISAREAD,BOY,2018,437.0
831,GRC,PISAREAD,GIRL,2000,493.0
832,GRC,PISAREAD,GIRL,2003,490.0
833,GRC,PISAREAD,GIRL,2006,488.0
834,GRC,PISAREAD,GIRL,2009,506.0
835,GRC,PISAREAD,GIRL,2012,502.198
836,GRC,PISAREAD,GIRL,2015,486.0
837,GRC,PISAREAD,GIRL,2018,479.0
838,HUN,PISAREAD,BOY,2000,465.0
839,HUN,PISAREAD,BOY,2003,467.0
840,HUN,PISAREAD,BOY,2006,463.0
841,HUN,PISAREAD,BOY,2009,475.0
842,HUN,PISAREAD,BOY,2012,467.964
843,HUN,PISAREAD,BOY,2015,457.0
844,HUN,PISAREAD,BOY,2018,463.0
845,HUN,PISAREAD,GIRL,2000,496.0
846,HUN,PISAREAD,GIRL,2003,498.0
847,HUN,PISAREAD,GIRL,2006,503.0
848,HUN,PISAREAD,GIRL,2009,513.0
849,HUN,PISAREAD,GIRL,2012,507.549
850,HUN,PISAREAD,GIRL,2015,482.0
851,HUN,PISAREAD,GIRL,2018,489.0
852,ISL,PISAREAD,BOY,2000,488.0
853,ISL,PISAREAD,BOY,2003,464.0
854,ISL,PISAREAD,BOY,2006,460.0
855,ISL,PISAREAD,BOY,2009,478.0
856,ISL,PISAREAD,BOY,2012,457.275
857,ISL,PISAREAD,BOY,2015,460.0
858,ISL,PISAREAD,BOY,2018,454.0
859,ISL,PISAREAD,GIRL,2000,528.0
860,ISL,PISAREAD,GIRL,2003,522.0
861,ISL,PISAREAD,GIRL,2006,509.0
862,ISL,PISAREAD,GIRL,2009,522.0
863,ISL,PISAREAD,GIRL,2012,508.39
864,ISL,PISAREAD,GIRL,2015,502.0
865,ISL,PISAREAD,GIRL,2018,494.0
866,IRL,PISAREAD,BOY,2000,513.0
867,IRL,PISAREAD,BOY,2003,501.0
868,IRL,PISAREAD,BOY,2006,500.0
869,IRL,PISAREAD,BOY,2009,476.0
870,IRL,PISAREAD,BOY,2012,509.153
871,IRL,PISAREAD,BOY,2015,515.0
872,IRL,PISAREAD,BOY,2018,506.0
873,IRL,PISAREAD,GIRL,2000,542.0
874,IRL,PISAREAD,GIRL,2003,530.0
875,IRL,PISAREAD,GIRL,2006,534.0
876,IRL,PISAREAD,GIRL,2009,515.0
877,IRL,PISAREAD,GIRL,2012,537.669
878,IRL,PISAREAD,GIRL,2015,527.0
879,IRL,PISAREAD,GIRL,2018,530.0
880,ITA,PISAREAD,BOY,2000,469.0
881,ITA,PISAREAD,BOY,2003,455.0
882,ITA,PISAREAD,BOY,2006,448.0
883,ITA,PISAREAD,BOY,2009,464.0
884,ITA,PISAREAD,BOY,2012,470.938
885,ITA,PISAREAD,BOY,2015,477.0
886,ITA,PISAREAD,BOY,2018,464.0
887,ITA,PISAREAD,GIRL,2000,507.0
888,ITA,PISAREAD,GIRL,2003,495.0
889,ITA,PISAREAD,GIRL,2006,489.0
890,ITA,PISAREAD,GIRL,2009,510.0
891,ITA,PISAREAD,GIRL,2012,509.945
892,ITA,PISAREAD,GIRL,2015,493.0
893,ITA,PISAREAD,GIRL,2018,489.0
894,JPN,PISAREAD,BOY,2000,507.0
895,JPN,PISAREAD,BOY,2003,487.0
896,JPN,PISAREAD,BOY,2006,483.0
897,JPN,PISAREAD,BOY,2009,501.0
898,JPN,PISAREAD,BOY,2012,526.618
899,JPN,PISAREAD,BOY,2015,509.0
900,JPN,PISAREAD,BOY,2018,493.0
901,JPN,PISAREAD,GIRL,2000,537.0
902,JPN,PISAREAD,GIRL,2003,509.0
903,JPN,PISAREAD,GIRL,2006,513.0
904,JPN,PISAREAD,GIRL,2009,540.0
905,JPN,PISAREAD,GIRL,2012,550.724
906,JPN,PISAREAD,GIRL,2015,523.0
907,JPN,PISAREAD,GIRL,2018,514.0
908,KOR,PISAREAD,BOY,2000,519.0
909,KOR,PISAREAD,BOY,2003,525.0
910,KOR,PISAREAD,BOY,2006,539.0
911,KOR,PISAREAD,BOY,2009,523.0
912,KOR,PISAREAD,BOY,2012,524.965
913,KOR,PISAREAD,BOY,2015,498.0
914,KOR,PISAREAD,BOY,2018,503.0
915,KOR,PISAREAD,GIRL,2000,533.0
916,KOR,PISAREAD,GIRL,2003,547.0
917,KOR,PISAREAD,GIRL,2006,574.0
918,KOR,PISAREAD,GIRL,2009,558.0
919,KOR,PISAREAD,GIRL,2012,548.207
920,KOR,PISAREAD,GIRL,2015,539.0
921,KOR,PISAREAD,GIRL,2018,526.0
922,LUX,PISAREAD,BOY,2000,429.0
923,LUX,PISAREAD,BOY,2003,463.0
924,LUX,PISAREAD,BOY,2006,464.0
925,LUX,PISAREAD,BOY,2009,453.0
926,LUX,PISAREAD,BOY,2012,473.046
927,LUX,PISAREAD,BOY,2015,471.0
928,LUX,PISAREAD,BOY,2018,456.0
929,LUX,PISAREAD,GIRL,2000,456.0
930,LUX,PISAREAD,GIRL,2003,496.0
931,LUX,PISAREAD,GIRL,2006,495.0
932,LUX,PISAREAD,GIRL,2009,492.0
933,LUX,PISAREAD,GIRL,2012,503.024
934,LUX,PISAREAD,GIRL,2015,492.0
935,LUX,PISAREAD,GIRL,2018,485.0
936,MEX,PISAREAD,BOY,2000,411.0
937,MEX,PISAREAD,BOY,2003,389.0
938,MEX,PISAREAD,BOY,2006,393.0
939,MEX,PISAREAD,BOY,2009,413.0
940,MEX,PISAREAD,BOY,2012,411.365
941,MEX,PISAREAD,BOY,2015,416.0
942,MEX,PISAREAD,BOY,2018,415.0
943,MEX,PISAREAD,GIRL,2000,432.0
944,MEX,PISAREAD,GIRL,2003,410.0
945,MEX,PISAREAD,GIRL,2006,427.0
946,MEX,PISAREAD,GIRL,2009,438.0
947,MEX,PISAREAD,GIRL,2012,435.272
948,MEX,PISAREAD,GIRL,2015,431.0
949,MEX,PISAREAD,GIRL,2018,426.0
950,NLD,PISAREAD,BOY,2003,503.0
951,NLD,PISAREAD,BOY,2006,495.0
952,NLD,PISAREAD,BOY,2009,496.0
953,NLD,PISAREAD,BOY,2012,498.317
954,NLD,PISAREAD,BOY,2015,491.0
955,NLD,PISAREAD,BOY,2018,470.0
956,NLD,PISAREAD,GIRL,2003,524.0
957,NLD,PISAREAD,GIRL,2006,519.0
958,NLD,PISAREAD,GIRL,2009,521.0
959,NLD,PISAREAD,GIRL,2012,524.761
960,NLD,PISAREAD,GIRL,2015,515.0
961,NLD,PISAREAD,GIRL,2018,499.0
962,NZL,PISAREAD,BOY,2000,507.0
963,NZL,PISAREAD,BOY,2003,508.0
964,NZL,PISAREAD,BOY,2006,502.0
965,NZL,PISAREAD,BOY,2009,499.0
966,NZL,PISAREAD,BOY,2012,495.365
967,NZL,PISAREAD,BOY,2015,493.0
968,NZL,PISAREAD,BOY,2018,491.0
969,NZL,PISAREAD,GIRL,2000,553.0
970,NZL,PISAREAD,GIRL,2003,535.0
971,NZL,PISAREAD,GIRL,2006,539.0
972,NZL,PISAREAD,GIRL,2009,544.0
973,NZL,PISAREAD,GIRL,2012,529.765
974,NZL,PISAREAD,GIRL,2015,526.0
975,NZL,PISAREAD,GIRL,2018,520.0
976,NOR,PISAREAD,BOY,2000,486.0
977,NOR,PISAREAD,BOY,2003,475.0
978,NOR,PISAREAD,BOY,2006,462.0
979,NOR,PISAREAD,BOY,2009,480.0
980,NOR,PISAREAD,BOY,2012,481.284
981,NOR,PISAREAD,BOY,2015,494.0
982,NOR,PISAREAD,BOY,2018,476.0
983,NOR,PISAREAD,GIRL,2000,529.0
984,NOR,PISAREAD,GIRL,2003,525.0
985,NOR,PISAREAD,GIRL,2006,508.0
986,NOR,PISAREAD,GIRL,2009,527.0
987,NOR,PISAREAD,GIRL,2012,527.771
988,NOR,PISAREAD,GIRL,2015,533.0
989,NOR,PISAREAD,GIRL,2018,523.0
990,POL,PISAREAD,BOY,2000,461.0
991,POL,PISAREAD,BOY,2003,477.0
992,POL,PISAREAD,BOY,2006,487.0
993,POL,PISAREAD,BOY,2009,476.0
994,POL,PISAREAD,BOY,2012,496.706
995,POL,PISAREAD,BOY,2015,491.0
996,POL,PISAREAD,BOY,2018,495.0
997,POL,PISAREAD,GIRL,2000,497.0
998,POL,PISAREAD,GIRL,2003,516.0
999,POL,PISAREAD,GIRL,2006,528.0
1000,POL,PISAREAD,GIRL,2009,525.0
1001,POL,PISAREAD,GIRL,2012,538.687
1002,POL,PISAREAD,GIRL,2015,521.0
1003,POL,PISAREAD,GIRL,2018,528.0
1004,PRT,PISAREAD,BOY,2000,458.0
1005,PRT,PISAREAD,BOY,2003,459.0
1006,PRT,PISAREAD,BOY,2006,455.0
1007,PRT,PISAREAD,BOY,2009,470.0
1008,PRT,PISAREAD,BOY,2012,468.39
1009,PRT,PISAREAD,BOY,2015,490.0
1010,PRT,PISAREAD,BOY,2018,480.0
1011,PRT,PISAREAD,GIRL,2000,482.0
1012,PRT,PISAREAD,GIRL,2003,495.0
1013,PRT,PISAREAD,GIRL,2006,488.0
1014,PRT,PISAREAD,GIRL,2009,508.0
1015,PRT,PISAREAD,GIRL,2012,507.562
1016,PRT,PISAREAD,GIRL,2015,507.0
1017,PRT,PISAREAD,GIRL,2018,504.0
1018,SVK,PISAREAD,BOY,2003,453.0
1019,SVK,PISAREAD,BOY,2006,446.0
1020,SVK,PISAREAD,BOY,2009,452.0
1021,SVK,PISAREAD,BOY,2012,444.081
1022,SVK,PISAREAD,BOY,2015,435.0
1023,SVK,PISAREAD,BOY,2018,441.0
1024,SVK,PISAREAD,GIRL,2003,486.0
1025,SVK,PISAREAD,GIRL,2006,488.0
1026,SVK,PISAREAD,GIRL,2009,503.0
1027,SVK,PISAREAD,GIRL,2012,483.303
1028,SVK,PISAREAD,GIRL,2015,471.0
1029,SVK,PISAREAD,GIRL,2018,475.0
1030,ESP,PISAREAD,BOY,2000,481.0
1031,ESP,PISAREAD,BOY,2003,461.0
1032,ESP,PISAREAD,BOY,2006,443.0
1033,ESP,PISAREAD,BOY,2009,467.0
1034,ESP,PISAREAD,BOY,2012,473.806
1035,ESP,PISAREAD,BOY,2015,485.0
1036,ESP,PISAREAD,GIRL,2000,505.0
1037,ESP,PISAREAD,GIRL,2003,500.0
1038,ESP,PISAREAD,GIRL,2006,479.0
1039,ESP,PISAREAD,GIRL,2009,496.0
1040,ESP,PISAREAD,GIRL,2012,502.511
1041,ESP,PISAREAD,GIRL,2015,506.0
1042,SWE,PISAREAD,BOY,2000,499.0
1043,SWE,PISAREAD,BOY,2003,496.0
1044,SWE,PISAREAD,BOY,2006,488.0
1045,SWE,PISAREAD,BOY,2009,475.0
1046,SWE,PISAREAD,BOY,2012,457.991
1047,SWE,PISAREAD,BOY,2015,481.0
1048,SWE,PISAREAD,BOY,2018,489.0
1049,SWE,PISAREAD,GIRL,2000,536.0
1050,SWE,PISAREAD,GIRL,2003,533.0
1051,SWE,PISAREAD,GIRL,2006,528.0
1052,SWE,PISAREAD,GIRL,2009,521.0
1053,SWE,PISAREAD,GIRL,2012,509.135
1054,SWE,PISAREAD,GIRL,2015,520.0
1055,SWE,PISAREAD,GIRL,2018,523.0
1056,CHE,PISAREAD,BOY,2000,480.0
1057,CHE,PISAREAD,BOY,2003,482.0
1058,CHE,PISAREAD,BOY,2006,484.0
1059,CHE,PISAREAD,BOY,2009,481.0
1060,CHE,PISAREAD,BOY,2012,491.074
1061,CHE,PISAREAD,BOY,2015,480.0
1062,CHE,PISAREAD,BOY,2018,469.0
1063,CHE,PISAREAD,GIRL,2000,510.0
1064,CHE,PISAREAD,GIRL,2003,517.0
1065,CHE,PISAREAD,GIRL,2006,515.0
1066,CHE,PISAREAD,GIRL,2009,520.0
1067,CHE,PISAREAD,GIRL,2012,527.064
1068,CHE,PISAREAD,GIRL,2015,505.0
1069,CHE,PISAREAD,GIRL,2018,500.0
1070,TUR,PISAREAD,BOY,2003,426.0
1071,TUR,PISAREAD,BOY,2006,427.0
1072,TUR,PISAREAD,BOY,2009,443.0
1073,TUR,PISAREAD,BOY,2012,452.843
1074,TUR,PISAREAD,BOY,2015,414.0
1075,TUR,PISAREAD,BOY,2018,453.0
1076,TUR,PISAREAD,GIRL,2003,459.0
1077,TUR,PISAREAD,GIRL,2006,471.0
1078,TUR,PISAREAD,GIRL,2009,486.0
1079,TUR,PISAREAD,GIRL,2012,498.64
1080,TUR,PISAREAD,GIRL,2015,442.0
1081,TUR,PISAREAD,GIRL,2018,478.0
1082,GBR,PISAREAD,BOY,2006,480.0
1083,GBR,PISAREAD,BOY,2009,481.0
1084,GBR,PISAREAD,BOY,2012,486.631
1085,GBR,PISAREAD,BOY,2015,487.0
1086,GBR,PISAREAD,BOY,2018,494.0
1087,GBR,PISAREAD,GIRL,2006,510.0
1088,GBR,PISAREAD,GIRL,2009,507.0
1089,GBR,PISAREAD,GIRL,2012,511.534
1090,GBR,PISAREAD,GIRL,2015,509.0
1091,GBR,PISAREAD,GIRL,2018,514.0
1092,USA,PISAREAD,BOY,2000,490.0
1093,USA,PISAREAD,BOY,2003,479.0
1094,USA,PISAREAD,BOY,2009,488.0
1095,USA,PISAREAD,BOY,2012,482.498
1096,USA,PISAREAD,BOY,2015,487.0
1097,USA,PISAREAD,BOY,2018,494.0
1098,USA,PISAREAD,GIRL,2000,518.0
1099,USA,PISAREAD,GIRL,2003,511.0
1100,USA,PISAREAD,GIRL,2009,513.0
1101,USA,PISAREAD,GIRL,2012,513.269
1102,USA,PISAREAD,GIRL,2015,507.0
1103,USA,PISAREAD,GIRL,2018,517.0
1104,BRA,PISAREAD,BOY,2000,388.0
1105,BRA,PISAREAD,BOY,2003,384.0
1106,BRA,PISAREAD,BOY,2006,376.0
1107,BRA,PISAREAD,BOY,2009,397.0
1108,BRA,PISAREAD,BOY,2012,394.184
1109,BRA,PISAREAD,BOY,2015,395.0
1110,BRA,PISAREAD,BOY,2018,400.0
1111,BRA,PISAREAD,GIRL,2000,404.0
1112,BRA,PISAREAD,GIRL,2003,419.0
1113,BRA,PISAREAD,GIRL,2006,408.0
1114,BRA,PISAREAD,GIRL,2009,425.0
1115,BRA,PISAREAD,GIRL,2012,424.734
1116,BRA,PISAREAD,GIRL,2015,419.0
1117,BRA,PISAREAD,GIRL,2018,426.0
1118,CHL,PISAREAD,BOY,2000,396.0
1119,CHL,PISAREAD,BOY,2006,434.0
1120,CHL,PISAREAD,BOY,2009,439.0
1121,CHL,PISAREAD,BOY,2012,429.696
1122,CHL,PISAREAD,BOY,2015,453.0
1123,CHL,PISAREAD,BOY,2018,442.0
1124,CHL,PISAREAD,GIRL,2000,421.0
1125,CHL,PISAREAD,GIRL,2006,451.0
1126,CHL,PISAREAD,GIRL,2009,461.0
1127,CHL,PISAREAD,GIRL,2012,452.371
1128,CHL,PISAREAD,GIRL,2015,465.0
1129,CHL,PISAREAD,GIRL,2018,462.0
1130,EST,PISAREAD,BOY,2006,478.0
1131,EST,PISAREAD,BOY,2009,480.0
1132,EST,PISAREAD,BOY,2012,494.319
1133,EST,PISAREAD,BOY,2015,505.0
1134,EST,PISAREAD,BOY,2018,508.0
1135,EST,PISAREAD,GIRL,2006,524.0
1136,EST,PISAREAD,GIRL,2009,524.0
1137,EST,PISAREAD,GIRL,2012,537.833
1138,EST,PISAREAD,GIRL,2015,533.0
1139,EST,PISAREAD,GIRL,2018,538.0
1140,IDN,PISAREAD,BOY,2000,360.0
1141,IDN,PISAREAD,BOY,2003,369.0
1142,IDN,PISAREAD,BOY,2006,384.0
1143,IDN,PISAREAD,BOY,2009,383.0
1144,IDN,PISAREAD,BOY,2012,382.254
1145,IDN,PISAREAD,BOY,2015,386.0
1146,IDN,PISAREAD,BOY,2018,358.0
1147,IDN,PISAREAD,GIRL,2000,380.0
1148,IDN,PISAREAD,GIRL,2003,394.0
1149,IDN,PISAREAD,GIRL,2006,402.0
1150,IDN,PISAREAD,GIRL,2009,420.0
1151,IDN,PISAREAD,GIRL,2012,410.408
1152,IDN,PISAREAD,GIRL,2015,409.0
1153,IDN,PISAREAD,GIRL,2018,383.0
1154,ISR,PISAREAD,BOY,2000,444.0
1155,ISR,PISAREAD,BOY,2006,417.0
1156,ISR,PISAREAD,BOY,2009,452.0
1157,ISR,PISAREAD,BOY,2012,463.46
1158,ISR,PISAREAD,BOY,2015,467.0
1159,ISR,PISAREAD,BOY,2018,445.0
1160,ISR,PISAREAD,GIRL,2000,459.0
1161,ISR,PISAREAD,GIRL,2006,460.0
1162,ISR,PISAREAD,GIRL,2009,495.0
1163,ISR,PISAREAD,GIRL,2012,507.451
1164,ISR,PISAREAD,GIRL,2015,490.0
1165,ISR,PISAREAD,GIRL,2018,493.0
1166,RUS,PISAREAD,BOY,2000,443.0
1167,RUS,PISAREAD,BOY,2003,428.0
1168,RUS,PISAREAD,BOY,2009,437.0
1169,RUS,PISAREAD,BOY,2012,455.147
1170,RUS,PISAREAD,BOY,2015,481.0
1171,RUS,PISAREAD,BOY,2018,466.0
1172,RUS,PISAREAD,GIRL,2000,481.0
1173,RUS,PISAREAD,GIRL,2003,456.0
1174,RUS,PISAREAD,GIRL,2009,482.0
1175,RUS,PISAREAD,GIRL,2012,495.144
1176,RUS,PISAREAD,GIRL,2015,507.0
1177,RUS,PISAREAD,GIRL,2018,491.0
1178,SVN,PISAREAD,BOY,2006,467.0
1179,SVN,PISAREAD,BOY,2009,456.0
1180,SVN,PISAREAD,BOY,2012,454.466
1181,SVN,PISAREAD,BOY,2015,484.0
1182,SVN,PISAREAD,BOY,2018,475.0
1183,SVN,PISAREAD,GIRL,2006,521.0
1184,SVN,PISAREAD,GIRL,2009,511.0
1185,SVN,PISAREAD,GIRL,2012,510.15
1186,SVN,PISAREAD,GIRL,2015,528.0
1187,SVN,PISAREAD,GIRL,2018,517.0
1188,OAVG,PISAREAD,BOY,2000,479.552
1189,OAVG,PISAREAD,BOY,2003,477.033
1190,OAVG,PISAREAD,BOY,2006,470.061
1191,OAVG,PISAREAD,BOY,2009,474.088
1192,OAVG,PISAREAD,BOY,2012,477.832
1193,OAVG,PISAREAD,BOY,2015,479.0
1194,OAVG,PISAREAD,BOY,2018,472.0
1195,OAVG,PISAREAD,GIRL,2000,510.828
1196,OAVG,PISAREAD,GIRL,2003,511.667
1197,OAVG,PISAREAD,GIRL,2006,508.576
1198,OAVG,PISAREAD,GIRL,2009,513.235
1199,OAVG,PISAREAD,GIRL,2012,515.427
1200,OAVG,PISAREAD,GIRL,2015,506.0
1201,OAVG,PISAREAD,GIRL,2018,502.0
1202,LVA,PISAREAD,BOY,2015,467.0
1203,LVA,PISAREAD,BOY,2018,462.0
1204,LVA,PISAREAD,GIRL,2015,509.0
1205,LVA,PISAREAD,GIRL,2018,495.0
1206,AUS,PISAREAD,TOT,2000,528.0
1207,AUS,PISAREAD,TOT,2003,525.0
1208,AUS,PISAREAD,TOT,2006,513.0
1209,AUS,PISAREAD,TOT,2009,515.0
1210,AUS,PISAREAD,TOT,2012,512.0
1211,AUS,PISAREAD,TOT,2015,503.0
1212,AUS,PISAREAD,TOT,2018,503.0
1213,AUT,PISAREAD,TOT,2000,492.0
1214,AUT,PISAREAD,TOT,2003,491.0
1215,AUT,PISAREAD,TOT,2006,490.0
1216,AUT,PISAREAD,TOT,2012,490.0
1217,AUT,PISAREAD,TOT,2015,485.0
1218,AUT,PISAREAD,TOT,2018,484.0
1219,BEL,PISAREAD,TOT,2000,507.0
1220,BEL,PISAREAD,TOT,2003,507.0
1221,BEL,PISAREAD,TOT,2006,501.0
1222,BEL,PISAREAD,TOT,2009,506.0
1223,BEL,PISAREAD,TOT,2012,509.0
1224,BEL,PISAREAD,TOT,2015,499.0
1225,BEL,PISAREAD,TOT,2018,493.0
1226,CAN,PISAREAD,TOT,2000,534.0
1227,CAN,PISAREAD,TOT,2003,528.0
1228,CAN,PISAREAD,TOT,2006,527.0
1229,CAN,PISAREAD,TOT,2009,524.0
1230,CAN,PISAREAD,TOT,2012,523.0
1231,CAN,PISAREAD,TOT,2015,527.0
1232,CAN,PISAREAD,TOT,2018,520.0
1233,CZE,PISAREAD,TOT,2000,492.0
1234,CZE,PISAREAD,TOT,2003,489.0
1235,CZE,PISAREAD,TOT,2006,483.0
1236,CZE,PISAREAD,TOT,2009,478.0
1237,CZE,PISAREAD,TOT,2012,493.0
1238,CZE,PISAREAD,TOT,2015,487.0
1239,CZE,PISAREAD,TOT,2018,490.0
1240,DNK,PISAREAD,TOT,2000,497.0
1241,DNK,PISAREAD,TOT,2003,492.0
1242,DNK,PISAREAD,TOT,2006,494.0
1243,DNK,PISAREAD,TOT,2009,495.0
1244,DNK,PISAREAD,TOT,2012,496.0
1245,DNK,PISAREAD,TOT,2015,500.0
1246,DNK,PISAREAD,TOT,2018,501.0
1247,FIN,PISAREAD,TOT,2000,546.0
1248,FIN,PISAREAD,TOT,2003,543.0
1249,FIN,PISAREAD,TOT,2006,547.0
1250,FIN,PISAREAD,TOT,2009,536.0
1251,FIN,PISAREAD,TOT,2012,524.0
1252,FIN,PISAREAD,TOT,2015,526.0
1253,FIN,PISAREAD,TOT,2018,520.0
1254,FRA,PISAREAD,TOT,2000,505.0
1255,FRA,PISAREAD,TOT,2003,496.0
1256,FRA,PISAREAD,TOT,2006,488.0
1257,FRA,PISAREAD,TOT,2009,496.0
1258,FRA,PISAREAD,TOT,2012,505.0
1259,FRA,PISAREAD,TOT,2015,499.0
1260,FRA,PISAREAD,TOT,2018,493.0
1261,DEU,PISAREAD,TOT,2000,484.0
1262,DEU,PISAREAD,TOT,2003,491.0
1263,DEU,PISAREAD,TOT,2006,495.0
1264,DEU,PISAREAD,TOT,2009,497.0
1265,DEU,PISAREAD,TOT,2012,508.0
1266,DEU,PISAREAD,TOT,2015,509.0
1267,DEU,PISAREAD,TOT,2018,498.0
1268,GRC,PISAREAD,TOT,2000,474.0
1269,GRC,PISAREAD,TOT,2003,472.0
1270,GRC,PISAREAD,TOT,2006,460.0
1271,GRC,PISAREAD,TOT,2009,483.0
1272,GRC,PISAREAD,TOT,2012,477.0
1273,GRC,PISAREAD,TOT,2015,467.0
1274,GRC,PISAREAD,TOT,2018,457.0
1275,HUN,PISAREAD,TOT,2000,480.0
1276,HUN,PISAREAD,TOT,2003,482.0
1277,HUN,PISAREAD,TOT,2006,482.0
1278,HUN,PISAREAD,TOT,2009,494.0
1279,HUN,PISAREAD,TOT,2012,488.0
1280,HUN,PISAREAD,TOT,2015,470.0
1281,HUN,PISAREAD,TOT,2018,476.0
1282,ISL,PISAREAD,TOT,2000,507.0
1283,ISL,PISAREAD,TOT,2003,492.0
1284,ISL,PISAREAD,TOT,2006,484.0
1285,ISL,PISAREAD,TOT,2009,500.0
1286,ISL,PISAREAD,TOT,2012,483.0
1287,ISL,PISAREAD,TOT,2015,482.0
1288,ISL,PISAREAD,TOT,2018,474.0
1289,IRL,PISAREAD,TOT,2000,527.0
1290,IRL,PISAREAD,TOT,2003,515.0
1291,IRL,PISAREAD,TOT,2006,517.0
1292,IRL,PISAREAD,TOT,2009,496.0
1293,IRL,PISAREAD,TOT,2012,523.0
1294,IRL,PISAREAD,TOT,2015,521.0
1295,IRL,PISAREAD,TOT,2018,518.0
1296,ITA,PISAREAD,TOT,2000,487.0
1297,ITA,PISAREAD,TOT,2003,476.0
1298,ITA,PISAREAD,TOT,2006,469.0
1299,ITA,PISAREAD,TOT,2009,486.0
1300,ITA,PISAREAD,TOT,2012,490.0
1301,ITA,PISAREAD,TOT,2015,485.0
1302,ITA,PISAREAD,TOT,2018,476.0
1303,JPN,PISAREAD,TOT,2000,522.0
1304,JPN,PISAREAD,TOT,2003,498.0
1305,JPN,PISAREAD,TOT,2006,498.0
1306,JPN,PISAREAD,TOT,2009,520.0
1307,JPN,PISAREAD,TOT,2012,538.0
1308,JPN,PISAREAD,TOT,2015,516.0
1309,JPN,PISAREAD,TOT,2018,504.0
1310,KOR,PISAREAD,TOT,2000,525.0
1311,KOR,PISAREAD,TOT,2003,534.0
1312,KOR,PISAREAD,TOT,2006,556.0
1313,KOR,PISAREAD,TOT,2009,539.0
1314,KOR,PISAREAD,TOT,2012,536.0
1315,KOR,PISAREAD,TOT,2015,517.0
1316,KOR,PISAREAD,TOT,2018,514.0
1317,LUX,PISAREAD,TOT,2003,479.0
1318,LUX,PISAREAD,TOT,2006,479.0
1319,LUX,PISAREAD,TOT,2009,472.0
1320,LUX,PISAREAD,TOT,2012,488.0
1321,LUX,PISAREAD,TOT,2015,481.0
1322,LUX,PISAREAD,TOT,2018,470.0
1323,MEX,PISAREAD,TOT,2000,422.0
1324,MEX,PISAREAD,TOT,2003,400.0
1325,MEX,PISAREAD,TOT,2006,410.0
1326,MEX,PISAREAD,TOT,2009,425.0
1327,MEX,PISAREAD,TOT,2012,424.0
1328,MEX,PISAREAD,TOT,2015,423.0
1329,MEX,PISAREAD,TOT,2018,420.0
1330,NLD,PISAREAD,TOT,2003,513.0
1331,NLD,PISAREAD,TOT,2006,507.0
1332,NLD,PISAREAD,TOT,2009,508.0
1333,NLD,PISAREAD,TOT,2012,511.0
1334,NLD,PISAREAD,TOT,2015,503.0
1335,NLD,PISAREAD,TOT,2018,485.0
1336,NZL,PISAREAD,TOT,2000,529.0
1337,NZL,PISAREAD,TOT,2003,522.0
1338,NZL,PISAREAD,TOT,2006,521.0
1339,NZL,PISAREAD,TOT,2009,521.0
1340,NZL,PISAREAD,TOT,2012,512.0
1341,NZL,PISAREAD,TOT,2015,509.0
1342,NZL,PISAREAD,TOT,2018,506.0
1343,NOR,PISAREAD,TOT,2000,505.0
1344,NOR,PISAREAD,TOT,2003,500.0
1345,NOR,PISAREAD,TOT,2006,484.0
1346,NOR,PISAREAD,TOT,2009,503.0
1347,NOR,PISAREAD,TOT,2012,504.0
1348,NOR,PISAREAD,TOT,2015,513.0
1349,NOR,PISAREAD,TOT,2018,499.0
1350,POL,PISAREAD,TOT,2000,479.0
1351,POL,PISAREAD,TOT,2003,497.0
1352,POL,PISAREAD,TOT,2006,508.0
1353,POL,PISAREAD,TOT,2009,500.0
1354,POL,PISAREAD,TOT,2012,518.0
1355,POL,PISAREAD,TOT,2015,506.0
1356,POL,PISAREAD,TOT,2018,512.0
1357,PRT,PISAREAD,TOT,2000,470.0
1358,PRT,PISAREAD,TOT,2003,478.0
1359,PRT,PISAREAD,TOT,2006,472.0
1360,PRT,PISAREAD,TOT,2009,489.0
1361,PRT,PISAREAD,TOT,2012,488.0
1362,PRT,PISAREAD,TOT,2015,498.0
1363,PRT,PISAREAD,TOT,2018,492.0
1364,SVK,PISAREAD,TOT,2003,469.0
1365,SVK,PISAREAD,TOT,2006,466.0
1366,SVK,PISAREAD,TOT,2009,477.0
1367,SVK,PISAREAD,TOT,2012,463.0
1368,SVK,PISAREAD,TOT,2015,453.0
1369,SVK,PISAREAD,TOT,2018,458.0
1370,ESP,PISAREAD,TOT,2000,493.0
1371,ESP,PISAREAD,TOT,2003,481.0
1372,ESP,PISAREAD,TOT,2006,461.0
1373,ESP,PISAREAD,TOT,2009,481.0
1374,ESP,PISAREAD,TOT,2012,488.0
1375,ESP,PISAREAD,TOT,2015,496.0
1376,SWE,PISAREAD,TOT,2000,516.0
1377,SWE,PISAREAD,TOT,2003,514.0
1378,SWE,PISAREAD,TOT,2006,507.0
1379,SWE,PISAREAD,TOT,2009,497.0
1380,SWE,PISAREAD,TOT,2012,483.0
1381,SWE,PISAREAD,TOT,2015,500.0
1382,SWE,PISAREAD,TOT,2018,506.0
1383,CHE,PISAREAD,TOT,2000,494.0
1384,CHE,PISAREAD,TOT,2003,499.0
1385,CHE,PISAREAD,TOT,2006,499.0
1386,CHE,PISAREAD,TOT,2009,501.0
1387,CHE,PISAREAD,TOT,2012,509.0
1388,CHE,PISAREAD,TOT,2015,492.0
1389,CHE,PISAREAD,TOT,2018,484.0
1390,TUR,PISAREAD,TOT,2003,441.0
1391,TUR,PISAREAD,TOT,2006,447.0
1392,TUR,PISAREAD,TOT,2009,464.0
1393,TUR,PISAREAD,TOT,2012,475.0
1394,TUR,PISAREAD,TOT,2015,428.0
1395,TUR,PISAREAD,TOT,2018,466.0
1396,GBR,PISAREAD,TOT,2006,495.0
1397,GBR,PISAREAD,TOT,2009,494.0
1398,GBR,PISAREAD,TOT,2012,499.0
1399,GBR,PISAREAD,TOT,2015,498.0
1400,GBR,PISAREAD,TOT,2018,504.0
1401,USA,PISAREAD,TOT,2000,504.0
1402,USA,PISAREAD,TOT,2003,495.0
1403,USA,PISAREAD,TOT,2009,500.0
1404,USA,PISAREAD,TOT,2012,498.0
1405,USA,PISAREAD,TOT,2015,497.0
1406,USA,PISAREAD,TOT,2018,505.0
1407,BRA,PISAREAD,TOT,2000,396.0
1408,BRA,PISAREAD,TOT,2003,403.0
1409,BRA,PISAREAD,TOT,2006,393.0
1410,BRA,PISAREAD,TOT,2009,412.0
1411,BRA,PISAREAD,TOT,2012,407.0
1412,BRA,PISAREAD,TOT,2015,407.0
1413,BRA,PISAREAD,TOT,2018,413.0
1414,CHL,PISAREAD,TOT,2000,410.0
1415,CHL,PISAREAD,TOT,2006,442.0
1416,CHL,PISAREAD,TOT,2009,449.0
1417,CHL,PISAREAD,TOT,2012,441.0
1418,CHL,PISAREAD,TOT,2015,459.0
1419,CHL,PISAREAD,TOT,2018,452.0
1420,EST,PISAREAD,TOT,2006,501.0
1421,EST,PISAREAD,TOT,2009,501.0
1422,EST,PISAREAD,TOT,2012,516.0
1423,EST,PISAREAD,TOT,2015,519.0
1424,EST,PISAREAD,TOT,2018,523.0
1425,IDN,PISAREAD,TOT,2000,371.0
1426,IDN,PISAREAD,TOT,2003,382.0
1427,IDN,PISAREAD,TOT,2006,393.0
1428,IDN,PISAREAD,TOT,2009,402.0
1429,IDN,PISAREAD,TOT,2012,396.0
1430,IDN,PISAREAD,TOT,2015,397.0
1431,IDN,PISAREAD,TOT,2018,371.0
1432,ISR,PISAREAD,TOT,2000,452.0
1433,ISR,PISAREAD,TOT,2006,439.0
1434,ISR,PISAREAD,TOT,2009,474.0
1435,ISR,PISAREAD,TOT,2012,486.0
1436,ISR,PISAREAD,TOT,2015,479.0
1437,ISR,PISAREAD,TOT,2018,470.0
1438,LVA,PISAREAD,TOT,2000,458.0
1439,LVA,PISAREAD,TOT,2003,491.0
1440,LVA,PISAREAD,TOT,2006,479.0
1441,LVA,PISAREAD,TOT,2009,484.0
1442,LVA,PISAREAD,TOT,2012,489.0
1443,LVA,PISAREAD,TOT,2015,488.0
1444,LVA,PISAREAD,TOT,2018,479.0
1445,RUS,PISAREAD,TOT,2000,462.0
1446,RUS,PISAREAD,TOT,2003,442.0
1447,RUS,PISAREAD,TOT,2006,440.0
1448,RUS,PISAREAD,TOT,2009,459.0
1449,RUS,PISAREAD,TOT,2012,475.0
1450,RUS,PISAREAD,TOT,2015,495.0
1451,RUS,PISAREAD,TOT,2018,479.0
1452,SGP,PISAREAD,BOY,2015,525.0
1453,SGP,PISAREAD,GIRL,2015,546.0
1454,SVN,PISAREAD,TOT,2006,494.0
1455,SVN,PISAREAD,TOT,2009,483.0
1456,SVN,PISAREAD,TOT,2012,481.0
1457,SVN,PISAREAD,TOT,2015,505.0
1458,SVN,PISAREAD,TOT,2018,495.0
1459,OAVG,PISAREAD,TOT,2012,496.0
1460,OAVG,PISAREAD,TOT,2015,493.0
1461,OAVG,PISAREAD,TOT,2018,487.0
1462,COL,PISAREAD,TOT,2015,425.0
1463,COL,PISAREAD,TOT,2018,412.0
1464,COL,PISAREAD,BOY,2015,417.0
1465,COL,PISAREAD,BOY,2018,407.0
1466,COL,PISAREAD,GIRL,2015,432.0
1467,COL,PISAREAD,GIRL,2018,417.0
1468,HKG,PISAREAD,TOT,2015,527.0
1469,HKG,PISAREAD,BOY,2015,513.0
1470,HKG,PISAREAD,GIRL,2015,541.0
1471,PER,PISAREAD,TOT,2015,398.0
1472,PER,PISAREAD,BOY,2015,394.0
1473,PER,PISAREAD,GIRL,2015,401.0
1474,SGP,PISAREAD,TOT,2015,535.0
1475,TWN,PISAREAD,TOT,2015,497.0
1476,TWN,PISAREAD,BOY,2015,485.0
1477,TWN,PISAREAD,GIRL,2015,510.0
1478,MAC,PISAREAD,TOT,2015,509.0
1479,MAC,PISAREAD,BOY,2015,493.0
1480,MAC,PISAREAD,GIRL,2015,525.0
1481,CRI,PISAREAD,TOT,2018,426.0
1482,CRI,PISAREAD,BOY,2018,419.0
1483,CRI,PISAREAD,GIRL,2018,434.0
1484,LTU,PISAREAD,TOT,2018,476.0
1485,LTU,PISAREAD,BOY,2018,457.0
1486,LTU,PISAREAD,GIRL,2018,496.0
1487,AUS,PISASCIENCE,BOY,2006,527.0
1488,AUS,PISASCIENCE,BOY,2009,527.0
1489,AUS,PISASCIENCE,BOY,2012,523.728
1490,AUS,PISASCIENCE,BOY,2015,511.0
1491,AUS,PISASCIENCE,BOY,2018,504.0
1492,AUS,PISASCIENCE,GIRL,2006,527.0
1493,AUS,PISASCIENCE,GIRL,2009,528.0
1494,AUS,PISASCIENCE,GIRL,2012,519.124
1495,AUS,PISASCIENCE,GIRL,2015,509.0
1496,AUS,PISASCIENCE,GIRL,2018,502.0
1497,AUT,PISASCIENCE,BOY,2006,515.0
1498,AUT,PISASCIENCE,BOY,2012,510.108
1499,AUT,PISASCIENCE,BOY,2015,504.0
1500,AUT,PISASCIENCE,BOY,2018,491.0
1501,AUT,PISASCIENCE,GIRL,2006,507.0
1502,AUT,PISASCIENCE,GIRL,2012,501.479
1503,AUT,PISASCIENCE,GIRL,2015,486.0
1504,AUT,PISASCIENCE,GIRL,2018,489.0
1505,BEL,PISASCIENCE,BOY,2006,511.0
1506,BEL,PISASCIENCE,BOY,2009,510.0
1507,BEL,PISASCIENCE,BOY,2012,506.82
1508,BEL,PISASCIENCE,BOY,2015,508.0
1509,BEL,PISASCIENCE,BOY,2018,501.0
1510,BEL,PISASCIENCE,GIRL,2006,510.0
1511,BEL,PISASCIENCE,GIRL,2009,503.0
1512,BEL,PISASCIENCE,GIRL,2012,502.9
1513,BEL,PISASCIENCE,GIRL,2015,496.0
1514,BEL,PISASCIENCE,GIRL,2018,496.0
1515,CAN,PISASCIENCE,BOY,2006,536.0
1516,CAN,PISASCIENCE,BOY,2009,531.0
1517,CAN,PISASCIENCE,BOY,2012,526.875
1518,CAN,PISASCIENCE,BOY,2015,528.0
1519,CAN,PISASCIENCE,BOY,2018,516.0
1520,CAN,PISASCIENCE,GIRL,2006,532.0
1521,CAN,PISASCIENCE,GIRL,2009,526.0
1522,CAN,PISASCIENCE,GIRL,2012,524.053
1523,CAN,PISASCIENCE,GIRL,2015,527.0
1524,CAN,PISASCIENCE,GIRL,2018,520.0
1525,CZE,PISASCIENCE,BOY,2006,515.0
1526,CZE,PISASCIENCE,BOY,2009,498.0
1527,CZE,PISASCIENCE,BOY,2012,508.721
1528,CZE,PISASCIENCE,BOY,2015,497.0
1529,CZE,PISASCIENCE,BOY,2018,496.0
1530,CZE,PISASCIENCE,GIRL,2006,510.0
1531,CZE,PISASCIENCE,GIRL,2009,503.0
1532,CZE,PISASCIENCE,GIRL,2012,507.855
1533,CZE,PISASCIENCE,GIRL,2015,488.0
1534,CZE,PISASCIENCE,GIRL,2018,498.0
1535,DNK,PISASCIENCE,BOY,2006,500.0
1536,DNK,PISASCIENCE,BOY,2009,505.0
1537,DNK,PISASCIENCE,BOY,2012,503.533
1538,DNK,PISASCIENCE,BOY,2015,505.0
1539,DNK,PISASCIENCE,BOY,2018,492.0
1540,DNK,PISASCIENCE,GIRL,2006,491.0
1541,DNK,PISASCIENCE,GIRL,2009,494.0
1542,DNK,PISASCIENCE,GIRL,2012,493.363
1543,DNK,PISASCIENCE,GIRL,2015,499.0
1544,DNK,PISASCIENCE,GIRL,2018,494.0
1545,FIN,PISASCIENCE,BOY,2006,562.0
1546,FIN,PISASCIENCE,BOY,2009,546.0
1547,FIN,PISASCIENCE,BOY,2012,537.436
1548,FIN,PISASCIENCE,BOY,2015,521.0
1549,FIN,PISASCIENCE,BOY,2018,510.0
1550,FIN,PISASCIENCE,GIRL,2006,565.0
1551,FIN,PISASCIENCE,GIRL,2009,562.0
1552,FIN,PISASCIENCE,GIRL,2012,553.893
1553,FIN,PISASCIENCE,GIRL,2015,541.0
1554,FIN,PISASCIENCE,GIRL,2018,534.0
1555,FRA,PISASCIENCE,BOY,2006,497.0
1556,FRA,PISASCIENCE,BOY,2009,500.0
1557,FRA,PISASCIENCE,BOY,2012,497.716
1558,FRA,PISASCIENCE,BOY,2015,496.0
1559,FRA,PISASCIENCE,BOY,2018,493.0
1560,FRA,PISASCIENCE,GIRL,2006,494.0
1561,FRA,PISASCIENCE,GIRL,2009,497.0
1562,FRA,PISASCIENCE,GIRL,2012,500.157
1563,FRA,PISASCIENCE,GIRL,2015,494.0
1564,FRA,PISASCIENCE,GIRL,2018,493.0
1565,DEU,PISASCIENCE,BOY,2006,519.0
1566,DEU,PISASCIENCE,BOY,2009,523.0
1567,DEU,PISASCIENCE,BOY,2012,523.86
1568,DEU,PISASCIENCE,BOY,2015,514.0
1569,DEU,PISASCIENCE,BOY,2018,502.0
1570,DEU,PISASCIENCE,GIRL,2006,512.0
1571,DEU,PISASCIENCE,GIRL,2009,518.0
1572,DEU,PISASCIENCE,GIRL,2012,524.391
1573,DEU,PISASCIENCE,GIRL,2015,504.0
1574,DEU,PISASCIENCE,GIRL,2018,504.0
1575,GRC,PISASCIENCE,BOY,2006,468.0
1576,GRC,PISASCIENCE,BOY,2009,465.0
1577,GRC,PISASCIENCE,BOY,2012,460.02
1578,GRC,PISASCIENCE,BOY,2015,451.0
1579,GRC,PISASCIENCE,BOY,2018,446.0
1580,GRC,PISASCIENCE,GIRL,2006,479.0
1581,GRC,PISASCIENCE,GIRL,2009,475.0
1582,GRC,PISASCIENCE,GIRL,2012,473.298
1583,GRC,PISASCIENCE,GIRL,2015,459.0
1584,GRC,PISASCIENCE,GIRL,2018,457.0
1585,HUN,PISASCIENCE,BOY,2006,507.0
1586,HUN,PISASCIENCE,BOY,2009,503.0
1587,HUN,PISASCIENCE,BOY,2012,495.913
1588,HUN,PISASCIENCE,BOY,2015,478.0
1589,HUN,PISASCIENCE,BOY,2018,484.0
1590,HUN,PISASCIENCE,GIRL,2006,501.0
1591,HUN,PISASCIENCE,GIRL,2009,503.0
1592,HUN,PISASCIENCE,GIRL,2012,492.803
1593,HUN,PISASCIENCE,GIRL,2015,475.0
1594,HUN,PISASCIENCE,GIRL,2018,478.0
1595,ISL,PISASCIENCE,BOY,2006,488.0
1596,ISL,PISASCIENCE,BOY,2009,496.0
1597,ISL,PISASCIENCE,BOY,2012,476.676
1598,ISL,PISASCIENCE,BOY,2015,472.0
1599,ISL,PISASCIENCE,BOY,2018,471.0
1600,ISL,PISASCIENCE,GIRL,2006,494.0
1601,ISL,PISASCIENCE,GIRL,2009,495.0
1602,ISL,PISASCIENCE,GIRL,2012,479.669
1603,ISL,PISASCIENCE,GIRL,2015,475.0
1604,ISL,PISASCIENCE,GIRL,2018,479.0
1605,IRL,PISASCIENCE,BOY,2006,508.0
1606,IRL,PISASCIENCE,BOY,2009,507.0
1607,IRL,PISASCIENCE,BOY,2012,523.942
1608,IRL,PISASCIENCE,BOY,2015,508.0
1609,IRL,PISASCIENCE,BOY,2018,495.0
1610,IRL,PISASCIENCE,GIRL,2006,509.0
1611,IRL,PISASCIENCE,GIRL,2009,509.0
1612,IRL,PISASCIENCE,GIRL,2012,520.0
1613,IRL,PISASCIENCE,GIRL,2015,497.0
1614,IRL,PISASCIENCE,GIRL,2018,497.0
1615,ITA,PISASCIENCE,BOY,2006,477.0
1616,ITA,PISASCIENCE,BOY,2009,488.0
1617,ITA,PISASCIENCE,BOY,2012,494.897
1618,ITA,PISASCIENCE,BOY,2015,489.0
1619,ITA,PISASCIENCE,BOY,2018,470.0
1620,ITA,PISASCIENCE,GIRL,2006,474.0
1621,ITA,PISASCIENCE,GIRL,2009,490.0
1622,ITA,PISASCIENCE,GIRL,2012,492.087
1623,ITA,PISASCIENCE,GIRL,2015,472.0
1624,ITA,PISASCIENCE,GIRL,2018,466.0
1625,JPN,PISASCIENCE,BOY,2006,533.0
1626,JPN,PISASCIENCE,BOY,2009,534.0
1627,JPN,PISASCIENCE,BOY,2012,551.947
1628,JPN,PISASCIENCE,BOY,2015,545.0
1629,JPN,PISASCIENCE,BOY,2018,531.0
1630,JPN,PISASCIENCE,GIRL,2006,530.0
1631,JPN,PISASCIENCE,GIRL,2009,545.0
1632,JPN,PISASCIENCE,GIRL,2012,540.959
1633,JPN,PISASCIENCE,GIRL,2015,532.0
1634,JPN,PISASCIENCE,GIRL,2018,528.0
1635,KOR,PISASCIENCE,BOY,2006,521.0
1636,KOR,PISASCIENCE,BOY,2009,537.0
1637,KOR,PISASCIENCE,BOY,2012,539.408
1638,KOR,PISASCIENCE,BOY,2015,511.0
1639,KOR,PISASCIENCE,BOY,2018,521.0
1640,KOR,PISASCIENCE,GIRL,2006,523.0
1641,KOR,PISASCIENCE,GIRL,2009,539.0
1642,KOR,PISASCIENCE,GIRL,2012,535.93
1643,KOR,PISASCIENCE,GIRL,2015,521.0
1644,KOR,PISASCIENCE,GIRL,2018,517.0
1645,LUX,PISASCIENCE,BOY,2006,491.0
1646,LUX,PISASCIENCE,BOY,2009,487.0
1647,LUX,PISASCIENCE,BOY,2012,498.715
1648,LUX,PISASCIENCE,BOY,2015,487.0
1649,LUX,PISASCIENCE,BOY,2018,475.0
1650,LUX,PISASCIENCE,GIRL,2006,482.0
1651,LUX,PISASCIENCE,GIRL,2009,480.0
1652,LUX,PISASCIENCE,GIRL,2012,483.484
1653,LUX,PISASCIENCE,GIRL,2015,479.0
1654,LUX,PISASCIENCE,GIRL,2018,479.0
1655,MEX,PISASCIENCE,BOY,2006,413.0
1656,MEX,PISASCIENCE,BOY,2009,419.0
1657,MEX,PISASCIENCE,BOY,2012,418.128
1658,MEX,PISASCIENCE,BOY,2015,420.0
1659,MEX,PISASCIENCE,BOY,2018,424.0
1660,MEX,PISASCIENCE,GIRL,2006,406.0
1661,MEX,PISASCIENCE,GIRL,2009,413.0
1662,MEX,PISASCIENCE,GIRL,2012,411.836
1663,MEX,PISASCIENCE,GIRL,2015,412.0
1664,MEX,PISASCIENCE,GIRL,2018,415.0
1665,NLD,PISASCIENCE,BOY,2006,528.0
1666,NLD,PISASCIENCE,BOY,2009,524.0
1667,NLD,PISASCIENCE,BOY,2012,523.622
1668,NLD,PISASCIENCE,BOY,2015,511.0
1669,NLD,PISASCIENCE,BOY,2018,499.0
1670,NLD,PISASCIENCE,GIRL,2006,521.0
1671,NLD,PISASCIENCE,GIRL,2009,520.0
1672,NLD,PISASCIENCE,GIRL,2012,520.415
1673,NLD,PISASCIENCE,GIRL,2015,507.0
1674,NLD,PISASCIENCE,GIRL,2018,508.0
1675,NZL,PISASCIENCE,BOY,2006,528.0
1676,NZL,PISASCIENCE,BOY,2009,529.0
1677,NZL,PISASCIENCE,BOY,2012,517.875
1678,NZL,PISASCIENCE,BOY,2015,516.0
1679,NZL,PISASCIENCE,BOY,2018,509.0
1680,NZL,PISASCIENCE,GIRL,2006,532.0
1681,NZL,PISASCIENCE,GIRL,2009,535.0
1682,NZL,PISASCIENCE,GIRL,2012,513.297
1683,NZL,PISASCIENCE,GIRL,2015,511.0
1684,NZL,PISASCIENCE,GIRL,2018,508.0
1685,NOR,PISASCIENCE,BOY,2006,484.0
1686,NOR,PISASCIENCE,BOY,2009,498.0
1687,NOR,PISASCIENCE,BOY,2012,492.792
1688,NOR,PISASCIENCE,BOY,2015,500.0
1689,NOR,PISASCIENCE,BOY,2018,485.0
1690,NOR,PISASCIENCE,GIRL,2006,489.0
1691,NOR,PISASCIENCE,GIRL,2009,502.0
1692,NOR,PISASCIENCE,GIRL,2012,496.346
1693,NOR,PISASCIENCE,GIRL,2015,497.0
1694,NOR,PISASCIENCE,GIRL,2018,496.0
1695,POL,PISASCIENCE,BOY,2006,500.0
1696,POL,PISASCIENCE,BOY,2009,505.0
1697,POL,PISASCIENCE,BOY,2012,524.421
1698,POL,PISASCIENCE,BOY,2015,504.0
1699,POL,PISASCIENCE,BOY,2018,511.0
1700,POL,PISASCIENCE,GIRL,2006,496.0
1701,POL,PISASCIENCE,GIRL,2009,511.0
1702,POL,PISASCIENCE,GIRL,2012,527.149
1703,POL,PISASCIENCE,GIRL,2015,498.0
1704,POL,PISASCIENCE,GIRL,2018,511.0
1705,PRT,PISASCIENCE,BOY,2006,477.0
1706,PRT,PISASCIENCE,BOY,2009,491.0
1707,PRT,PISASCIENCE,BOY,2012,488.346
1708,PRT,PISASCIENCE,BOY,2015,506.0
1709,PRT,PISASCIENCE,BOY,2018,494.0
1710,PRT,PISASCIENCE,GIRL,2006,472.0
1711,PRT,PISASCIENCE,GIRL,2009,495.0
1712,PRT,PISASCIENCE,GIRL,2012,490.224
1713,PRT,PISASCIENCE,GIRL,2015,496.0
1714,PRT,PISASCIENCE,GIRL,2018,489.0
1715,SVK,PISASCIENCE,BOY,2006,491.0
1716,SVK,PISASCIENCE,BOY,2009,490.0
1717,SVK,PISASCIENCE,BOY,2012,474.658
1718,SVK,PISASCIENCE,BOY,2015,460.0
1719,SVK,PISASCIENCE,BOY,2018,461.0
1720,SVK,PISASCIENCE,GIRL,2006,485.0
1721,SVK,PISASCIENCE,GIRL,2009,491.0
1722,SVK,PISASCIENCE,GIRL,2012,467.385
1723,SVK,PISASCIENCE,GIRL,2015,461.0
1724,SVK,PISASCIENCE,GIRL,2018,467.0
1725,ESP,PISASCIENCE,BOY,2006,491.0
1726,ESP,PISASCIENCE,BOY,2009,492.0
1727,ESP,PISASCIENCE,BOY,2012,500.119
1728,ESP,PISASCIENCE,BOY,2015,496.0
1729,ESP,PISASCIENCE,BOY,2018,484.0
1730,ESP,PISASCIENCE,GIRL,2006,486.0
1731,ESP,PISASCIENCE,GIRL,2009,485.0
1732,ESP,PISASCIENCE,GIRL,2012,492.658
1733,ESP,PISASCIENCE,GIRL,2015,489.0
1734,ESP,PISASCIENCE,GIRL,2018,482.0
1735,SWE,PISASCIENCE,BOY,2006,504.0
1736,SWE,PISASCIENCE,BOY,2009,493.0
1737,SWE,PISASCIENCE,BOY,2012,481.151
1738,SWE,PISASCIENCE,BOY,2015,491.0
1739,SWE,PISASCIENCE,BOY,2018,496.0
1740,SWE,PISASCIENCE,GIRL,2006,503.0
1741,SWE,PISASCIENCE,GIRL,2009,497.0
1742,SWE,PISASCIENCE,GIRL,2012,488.513
1743,SWE,PISASCIENCE,GIRL,2015,496.0
1744,SWE,PISASCIENCE,GIRL,2018,503.0
1745,CHE,PISASCIENCE,BOY,2006,514.0
1746,CHE,PISASCIENCE,BOY,2009,520.0
1747,CHE,PISASCIENCE,BOY,2012,518.255
1748,CHE,PISASCIENCE,BOY,2015,508.0
1749,CHE,PISASCIENCE,BOY,2018,495.0
1750,CHE,PISASCIENCE,GIRL,2006,509.0
1751,CHE,PISASCIENCE,GIRL,2009,512.0
1752,CHE,PISASCIENCE,GIRL,2012,512.331
1753,CHE,PISASCIENCE,GIRL,2015,502.0
1754,CHE,PISASCIENCE,GIRL,2018,495.0
1755,TUR,PISASCIENCE,BOY,2006,418.0
1756,TUR,PISASCIENCE,BOY,2009,448.0
1757,TUR,PISASCIENCE,BOY,2012,458.316
1758,TUR,PISASCIENCE,BOY,2015,422.0
1759,TUR,PISASCIENCE,BOY,2018,465.0
1760,TUR,PISASCIENCE,GIRL,2006,430.0
1761,TUR,PISASCIENCE,GIRL,2009,460.0
1762,TUR,PISASCIENCE,GIRL,2012,468.622
1763,TUR,PISASCIENCE,GIRL,2015,429.0
1764,TUR,PISASCIENCE,GIRL,2018,472.0
1765,GBR,PISASCIENCE,BOY,2006,520.0
1766,GBR,PISASCIENCE,BOY,2009,519.0
1767,GBR,PISASCIENCE,BOY,2012,520.622
1768,GBR,PISASCIENCE,BOY,2015,510.0
1769,GBR,PISASCIENCE,BOY,2018,506.0
1770,GBR,PISASCIENCE,GIRL,2006,510.0
1771,GBR,PISASCIENCE,GIRL,2009,509.0
1772,GBR,PISASCIENCE,GIRL,2012,507.883
1773,GBR,PISASCIENCE,GIRL,2015,509.0
1774,GBR,PISASCIENCE,GIRL,2018,503.0
1775,USA,PISASCIENCE,BOY,2006,489.0
1776,USA,PISASCIENCE,BOY,2009,509.0
1777,USA,PISASCIENCE,BOY,2012,496.529
1778,USA,PISASCIENCE,BOY,2015,500.0
1779,USA,PISASCIENCE,BOY,2018,503.0
1780,USA,PISASCIENCE,GIRL,2006,489.0
1781,USA,PISASCIENCE,GIRL,2009,495.0
1782,USA,PISASCIENCE,GIRL,2012,498.325
1783,USA,PISASCIENCE,GIRL,2015,493.0
1784,USA,PISASCIENCE,GIRL,2018,502.0
1785,BRA,PISASCIENCE,BOY,2006,395.0
1786,BRA,PISASCIENCE,BOY,2009,407.0
1787,BRA,PISASCIENCE,BOY,2012,405.541
1788,BRA,PISASCIENCE,BOY,2015,403.0
1789,BRA,PISASCIENCE,BOY,2018,403.0
1790,BRA,PISASCIENCE,GIRL,2006,386.0
1791,BRA,PISASCIENCE,GIRL,2009,404.0
1792,BRA,PISASCIENCE,GIRL,2012,403.949
1793,BRA,PISASCIENCE,GIRL,2015,399.0
1794,BRA,PISASCIENCE,GIRL,2018,404.0
1795,CHL,PISASCIENCE,BOY,2006,448.0
1796,CHL,PISASCIENCE,BOY,2009,452.0
1797,CHL,PISASCIENCE,BOY,2012,448.441
1798,CHL,PISASCIENCE,BOY,2015,454.0
1799,CHL,PISASCIENCE,BOY,2018,445.0
1800,CHL,PISASCIENCE,GIRL,2006,426.0
1801,CHL,PISASCIENCE,GIRL,2009,443.0
1802,CHL,PISASCIENCE,GIRL,2012,441.645
1803,CHL,PISASCIENCE,GIRL,2015,440.0
1804,CHL,PISASCIENCE,GIRL,2018,442.0
1805,EST,PISASCIENCE,BOY,2006,530.0
1806,EST,PISASCIENCE,BOY,2009,527.0
1807,EST,PISASCIENCE,BOY,2012,540.177
1808,EST,PISASCIENCE,BOY,2015,536.0
1809,EST,PISASCIENCE,BOY,2018,528.0
1810,EST,PISASCIENCE,GIRL,2006,533.0
1811,EST,PISASCIENCE,GIRL,2009,528.0
1812,EST,PISASCIENCE,GIRL,2012,542.608
1813,EST,PISASCIENCE,GIRL,2015,533.0
1814,EST,PISASCIENCE,GIRL,2018,533.0
1815,IDN,PISASCIENCE,BOY,2006,399.0
1816,IDN,PISASCIENCE,BOY,2009,378.0
1817,IDN,PISASCIENCE,BOY,2012,380.409
1818,IDN,PISASCIENCE,BOY,2015,401.0
1819,IDN,PISASCIENCE,BOY,2018,393.0
1820,IDN,PISASCIENCE,GIRL,2006,387.0
1821,IDN,PISASCIENCE,GIRL,2009,387.0
1822,IDN,PISASCIENCE,GIRL,2012,383.459
1823,IDN,PISASCIENCE,GIRL,2015,405.0
1824,IDN,PISASCIENCE,GIRL,2018,399.0
1825,ISR,PISASCIENCE,BOY,2006,456.0
1826,ISR,PISASCIENCE,BOY,2009,453.0
1827,ISR,PISASCIENCE,BOY,2012,469.715
1828,ISR,PISASCIENCE,BOY,2015,469.0
1829,ISR,PISASCIENCE,BOY,2018,452.0
1830,ISR,PISASCIENCE,GIRL,2006,452.0
1831,ISR,PISASCIENCE,GIRL,2009,456.0
1832,ISR,PISASCIENCE,GIRL,2012,470.419
1833,ISR,PISASCIENCE,GIRL,2015,464.0
1834,ISR,PISASCIENCE,GIRL,2018,471.0
1835,RUS,PISASCIENCE,BOY,2009,477.0
1836,RUS,PISASCIENCE,BOY,2012,483.532
1837,RUS,PISASCIENCE,BOY,2015,489.0
1838,RUS,PISASCIENCE,BOY,2018,477.0
1839,RUS,PISASCIENCE,GIRL,2009,480.0
1840,RUS,PISASCIENCE,GIRL,2012,489.058
1841,RUS,PISASCIENCE,GIRL,2015,485.0
1842,RUS,PISASCIENCE,GIRL,2018,478.0
1843,SVN,PISASCIENCE,BOY,2006,515.0
1844,SVN,PISASCIENCE,BOY,2009,505.0
1845,SVN,PISASCIENCE,BOY,2012,509.882
1846,SVN,PISASCIENCE,BOY,2015,510.0
1847,SVN,PISASCIENCE,BOY,2018,502.0
1848,SVN,PISASCIENCE,GIRL,2006,523.0
1849,SVN,PISASCIENCE,GIRL,2009,519.0
1850,SVN,PISASCIENCE,GIRL,2012,518.717
1851,SVN,PISASCIENCE,GIRL,2015,516.0
1852,SVN,PISASCIENCE,GIRL,2018,512.0
1853,OAVG,PISASCIENCE,BOY,2006,499.441
1854,OAVG,PISASCIENCE,BOY,2009,500.853
1855,OAVG,PISASCIENCE,BOY,2012,501.863
1856,OAVG,PISASCIENCE,BOY,2015,495.0
1857,OAVG,PISASCIENCE,BOY,2018,488.0
1858,OAVG,PISASCIENCE,GIRL,2006,497.118
1859,OAVG,PISASCIENCE,GIRL,2009,500.824
1860,OAVG,PISASCIENCE,GIRL,2012,500.406
1861,OAVG,PISASCIENCE,GIRL,2015,491.0
1862,OAVG,PISASCIENCE,GIRL,2018,490.0
1863,LVA,PISASCIENCE,BOY,2015,485.0
1864,LVA,PISASCIENCE,BOY,2018,483.0
1865,LVA,PISASCIENCE,GIRL,2015,496.0
1866,LVA,PISASCIENCE,GIRL,2018,491.0
1867,AUS,PISASCIENCE,TOT,2006,527.0
1868,AUS,PISASCIENCE,TOT,2009,527.0
1869,AUS,PISASCIENCE,TOT,2012,521.0
1870,AUS,PISASCIENCE,TOT,2015,510.0
1871,AUS,PISASCIENCE,TOT,2018,503.0
1872,AUT,PISASCIENCE,TOT,2006,511.0
1873,AUT,PISASCIENCE,TOT,2012,506.0
1874,AUT,PISASCIENCE,TOT,2015,495.0
1875,AUT,PISASCIENCE,TOT,2018,490.0
1876,BEL,PISASCIENCE,TOT,2006,510.0
1877,BEL,PISASCIENCE,TOT,2009,507.0
1878,BEL,PISASCIENCE,TOT,2012,505.0
1879,BEL,PISASCIENCE,TOT,2015,502.0
1880,BEL,PISASCIENCE,TOT,2018,499.0
1881,CAN,PISASCIENCE,TOT,2006,534.0
1882,CAN,PISASCIENCE,TOT,2009,529.0
1883,CAN,PISASCIENCE,TOT,2012,525.0
1884,CAN,PISASCIENCE,TOT,2015,528.0
1885,CAN,PISASCIENCE,TOT,2018,518.0
1886,CZE,PISASCIENCE,TOT,2006,513.0
1887,CZE,PISASCIENCE,TOT,2009,500.0
1888,CZE,PISASCIENCE,TOT,2012,508.0
1889,CZE,PISASCIENCE,TOT,2015,493.0
1890,CZE,PISASCIENCE,TOT,2018,497.0
1891,DNK,PISASCIENCE,TOT,2006,496.0
1892,DNK,PISASCIENCE,TOT,2009,499.0
1893,DNK,PISASCIENCE,TOT,2012,498.0
1894,DNK,PISASCIENCE,TOT,2015,502.0
1895,DNK,PISASCIENCE,TOT,2018,493.0
1896,FIN,PISASCIENCE,TOT,2006,563.0
1897,FIN,PISASCIENCE,TOT,2009,554.0
1898,FIN,PISASCIENCE,TOT,2012,545.0
1899,FIN,PISASCIENCE,TOT,2015,531.0
1900,FIN,PISASCIENCE,TOT,2018,522.0
1901,FRA,PISASCIENCE,TOT,2006,495.0
1902,FRA,PISASCIENCE,TOT,2009,498.0
1903,FRA,PISASCIENCE,TOT,2012,499.0
1904,FRA,PISASCIENCE,TOT,2015,495.0
1905,FRA,PISASCIENCE,TOT,2018,493.0
1906,DEU,PISASCIENCE,TOT,2006,516.0
1907,DEU,PISASCIENCE,TOT,2009,520.0
1908,DEU,PISASCIENCE,TOT,2012,524.0
1909,DEU,PISASCIENCE,TOT,2015,509.0
1910,DEU,PISASCIENCE,TOT,2018,503.0
1911,GRC,PISASCIENCE,TOT,2006,473.0
1912,GRC,PISASCIENCE,TOT,2009,470.0
1913,GRC,PISASCIENCE,TOT,2012,467.0
1914,GRC,PISASCIENCE,TOT,2015,455.0
1915,GRC,PISASCIENCE,TOT,2018,452.0
1916,HUN,PISASCIENCE,TOT,2006,504.0
1917,HUN,PISASCIENCE,TOT,2009,503.0
1918,HUN,PISASCIENCE,TOT,2012,494.0
1919,HUN,PISASCIENCE,TOT,2015,477.0
1920,HUN,PISASCIENCE,TOT,2018,481.0
1921,ISL,PISASCIENCE,TOT,2006,491.0
1922,ISL,PISASCIENCE,TOT,2009,496.0
1923,ISL,PISASCIENCE,TOT,2012,478.0
1924,ISL,PISASCIENCE,TOT,2015,473.0
1925,ISL,PISASCIENCE,TOT,2018,475.0
1926,IRL,PISASCIENCE,TOT,2006,508.0
1927,IRL,PISASCIENCE,TOT,2009,508.0
1928,IRL,PISASCIENCE,TOT,2012,522.0
1929,IRL,PISASCIENCE,TOT,2015,503.0
1930,IRL,PISASCIENCE,TOT,2018,496.0
1931,ITA,PISASCIENCE,TOT,2006,475.0
1932,ITA,PISASCIENCE,TOT,2009,489.0
1933,ITA,PISASCIENCE,TOT,2012,494.0
1934,ITA,PISASCIENCE,TOT,2015,481.0
1935,ITA,PISASCIENCE,TOT,2018,468.0
1936,JPN,PISASCIENCE,TOT,2006,531.0
1937,JPN,PISASCIENCE,TOT,2009,539.0
1938,JPN,PISASCIENCE,TOT,2012,547.0
1939,JPN,PISASCIENCE,TOT,2015,538.0
1940,JPN,PISASCIENCE,TOT,2018,529.0
1941,KOR,PISASCIENCE,TOT,2006,522.0
1942,KOR,PISASCIENCE,TOT,2009,538.0
1943,KOR,PISASCIENCE,TOT,2012,538.0
1944,KOR,PISASCIENCE,TOT,2015,516.0
1945,KOR,PISASCIENCE,TOT,2018,519.0
1946,LUX,PISASCIENCE,TOT,2006,486.0
1947,LUX,PISASCIENCE,TOT,2009,484.0
1948,LUX,PISASCIENCE,TOT,2012,491.0
1949,LUX,PISASCIENCE,TOT,2015,483.0
1950,LUX,PISASCIENCE,TOT,2018,477.0
1951,MEX,PISASCIENCE,TOT,2006,410.0
1952,MEX,PISASCIENCE,TOT,2009,416.0
1953,MEX,PISASCIENCE,TOT,2012,415.0
1954,MEX,PISASCIENCE,TOT,2015,416.0
1955,MEX,PISASCIENCE,TOT,2018,419.0
1956,NLD,PISASCIENCE,TOT,2006,525.0
1957,NLD,PISASCIENCE,TOT,2009,522.0
1958,NLD,PISASCIENCE,TOT,2012,522.0
1959,NLD,PISASCIENCE,TOT,2015,509.0
1960,NLD,PISASCIENCE,TOT,2018,503.0
1961,NZL,PISASCIENCE,TOT,2006,530.0
1962,NZL,PISASCIENCE,TOT,2009,532.0
1963,NZL,PISASCIENCE,TOT,2012,516.0
1964,NZL,PISASCIENCE,TOT,2015,513.0
1965,NZL,PISASCIENCE,TOT,2018,508.0
1966,NOR,PISASCIENCE,TOT,2006,487.0
1967,NOR,PISASCIENCE,TOT,2009,500.0
1968,NOR,PISASCIENCE,TOT,2012,495.0
1969,NOR,PISASCIENCE,TOT,2015,498.0
1970,NOR,PISASCIENCE,TOT,2018,490.0
1971,POL,PISASCIENCE,TOT,2006,498.0
1972,POL,PISASCIENCE,TOT,2009,508.0
1973,POL,PISASCIENCE,TOT,2012,526.0
1974,POL,PISASCIENCE,TOT,2015,501.0
1975,POL,PISASCIENCE,TOT,2018,511.0
1976,PRT,PISASCIENCE,TOT,2006,474.0
1977,PRT,PISASCIENCE,TOT,2009,493.0
1978,PRT,PISASCIENCE,TOT,2012,489.0
1979,PRT,PISASCIENCE,TOT,2015,501.0
1980,PRT,PISASCIENCE,TOT,2018,492.0
1981,SVK,PISASCIENCE,TOT,2006,488.0
1982,SVK,PISASCIENCE,TOT,2009,490.0
1983,SVK,PISASCIENCE,TOT,2012,471.0
1984,SVK,PISASCIENCE,TOT,2015,461.0
1985,SVK,PISASCIENCE,TOT,2018,464.0
1986,ESP,PISASCIENCE,TOT,2006,488.0
1987,ESP,PISASCIENCE,TOT,2009,488.0
1988,ESP,PISASCIENCE,TOT,2012,496.0
1989,ESP,PISASCIENCE,TOT,2015,493.0
1990,ESP,PISASCIENCE,TOT,2018,483.0
1991,SWE,PISASCIENCE,TOT,2006,503.0
1992,SWE,PISASCIENCE,TOT,2009,495.0
1993,SWE,PISASCIENCE,TOT,2012,485.0
1994,SWE,PISASCIENCE,TOT,2015,493.0
1995,SWE,PISASCIENCE,TOT,2018,499.0
1996,CHE,PISASCIENCE,TOT,2006,512.0
1997,CHE,PISASCIENCE,TOT,2009,517.0
1998,CHE,PISASCIENCE,TOT,2012,515.0
1999,CHE,PISASCIENCE,TOT,2015,506.0
2000,CHE,PISASCIENCE,TOT,2018,495.0
2001,TUR,PISASCIENCE,TOT,2006,424.0
2002,TUR,PISASCIENCE,TOT,2009,454.0
2003,TUR,PISASCIENCE,TOT,2012,463.0
2004,TUR,PISASCIENCE,TOT,2015,425.0
2005,TUR,PISASCIENCE,TOT,2018,468.0
2006,GBR,PISASCIENCE,TOT,2006,515.0
2007,GBR,PISASCIENCE,TOT,2009,514.0
2008,GBR,PISASCIENCE,TOT,2012,514.0
2009,GBR,PISASCIENCE,TOT,2015,509.0
2010,GBR,PISASCIENCE,TOT,2018,505.0
2011,USA,PISASCIENCE,TOT,2006,489.0
2012,USA,PISASCIENCE,TOT,2009,502.0
2013,USA,PISASCIENCE,TOT,2012,497.0
2014,USA,PISASCIENCE,TOT,2015,496.0
2015,USA,PISASCIENCE,TOT,2018,502.0
2016,BRA,PISASCIENCE,TOT,2006,390.0
2017,BRA,PISASCIENCE,TOT,2009,405.0
2018,BRA,PISASCIENCE,TOT,2012,402.0
2019,BRA,PISASCIENCE,TOT,2015,401.0
2020,BRA,PISASCIENCE,TOT,2018,404.0
2021,CHL,PISASCIENCE,TOT,2006,438.0
2022,CHL,PISASCIENCE,TOT,2009,447.0
2023,CHL,PISASCIENCE,TOT,2012,445.0
2024,CHL,PISASCIENCE,TOT,2015,447.0
2025,CHL,PISASCIENCE,TOT,2018,444.0
2026,EST,PISASCIENCE,TOT,2006,531.0
2027,EST,PISASCIENCE,TOT,2009,528.0
2028,EST,PISASCIENCE,TOT,2012,541.0
2029,EST,PISASCIENCE,TOT,2015,534.0
2030,EST,PISASCIENCE,TOT,2018,530.0
2031,IDN,PISASCIENCE,TOT,2006,393.0
2032,IDN,PISASCIENCE,TOT,2009,383.0
2033,IDN,PISASCIENCE,TOT,2012,382.0
2034,IDN,PISASCIENCE,TOT,2015,403.0
2035,IDN,PISASCIENCE,TOT,2018,396.0
2036,ISR,PISASCIENCE,TOT,2006,454.0
2037,ISR,PISASCIENCE,TOT,2009,455.0
2038,ISR,PISASCIENCE,TOT,2012,470.0
2039,ISR,PISASCIENCE,TOT,2015,467.0
2040,ISR,PISASCIENCE,TOT,2018,462.0
2041,LVA,PISASCIENCE,TOT,2006,490.0
2042,LVA,PISASCIENCE,TOT,2009,494.0
2043,LVA,PISASCIENCE,TOT,2012,502.0
2044,LVA,PISASCIENCE,TOT,2015,490.0
2045,LVA,PISASCIENCE,TOT,2018,487.0
2046,RUS,PISASCIENCE,TOT,2006,478.0
2047,RUS,PISASCIENCE,TOT,2009,486.0
2048,RUS,PISASCIENCE,TOT,2012,487.0
2049,RUS,PISASCIENCE,TOT,2018,478.0
2050,SGP,PISASCIENCE,BOY,2015,559.0
2051,SGP,PISASCIENCE,GIRL,2015,552.0
2052,SVN,PISASCIENCE,TOT,2006,519.0
2053,SVN,PISASCIENCE,TOT,2009,512.0
2054,SVN,PISASCIENCE,TOT,2012,514.0
2055,SVN,PISASCIENCE,TOT,2015,513.0
2056,SVN,PISASCIENCE,TOT,2018,507.0
2057,OAVG,PISASCIENCE,TOT,2006,498.0
2058,OAVG,PISASCIENCE,TOT,2009,501.0
2059,OAVG,PISASCIENCE,TOT,2012,501.0
2060,OAVG,PISASCIENCE,TOT,2015,493.0
2061,OAVG,PISASCIENCE,TOT,2018,489.0
2062,COL,PISASCIENCE,TOT,2015,416.0
2063,COL,PISASCIENCE,TOT,2018,413.0
2064,COL,PISASCIENCE,BOY,2015,421.0
2065,COL,PISASCIENCE,BOY,2018,420.0
2066,COL,PISASCIENCE,GIRL,2015,411.0
2067,COL,PISASCIENCE,GIRL,2018,407.0
2068,HKG,PISASCIENCE,TOT,2015,523.0
2069,HKG,PISASCIENCE,BOY,2015,523.0
2070,HKG,PISASCIENCE,GIRL,2015,524.0
2071,PER,PISASCIENCE,TOT,2015,397.0
2072,PER,PISASCIENCE,BOY,2015,402.0
2073,PER,PISASCIENCE,GIRL,2015,392.0
2074,SGP,PISASCIENCE,TOT,2015,556.0
2075,TWN,PISASCIENCE,TOT,2015,532.0
2076,TWN,PISASCIENCE,BOY,2015,535.0
2077,TWN,PISASCIENCE,GIRL,2015,530.0
2078,MAC,PISASCIENCE,TOT,2015,529.0
2079,MAC,PISASCIENCE,BOY,2015,525.0
2080,MAC,PISASCIENCE,GIRL,2015,532.0
2081,CRI,PISASCIENCE,TOT,2018,416.0
2082,CRI,PISASCIENCE,BOY,2018,420.0
2083,CRI,PISASCIENCE,GIRL,2018,411.0
2084,LTU,PISASCIENCE,TOT,2018,482.0
2085,LTU,PISASCIENCE,BOY,2018,479.0
2086,LTU,PISASCIENCE,GIRL,2018,485.0
