Name,Rank,Category,Followers,Audience Country,Authentic Engagement,Engagement Avg.
cristiano,1,Sports with a ball,462.9M,India,5.5M,6.6M
leomessi,2,Sports with a ballFamily,347.2M,Argentina,3.6M,4.8M
kendalljenner,3,ModelingFashion,247.6M,United States,3M,4.9M
arianagrande,4,Music,321.4M,United States,2.4M,3.4M
zendaya,5,Cinema & Actors/actressesFashion,147M,United States,4.3M,5.8M
kimkardashian,6,FashionBeauty,323.6M,United States,1.7M,2.5M
taylorswift,7,Music,218.2M,Brazil,2.4M,3.2M
kyliejenner,8,FashionModelingBeauty,357M,United States,1.2M,1.9M
selenagomez,9,MusicLifestyle,334.9M,United States,1.4M,1.9M
thv,10,,46.3M,United States,13.3M,13.3M
lalalalisa_m,11,Music,79.9M,Indonesia,6.3M,7.3M
jennierubyjane,12,Music,68.2M,Indonesia,7M,8.3M
virat.kohli,13,Sports with a ball,206.9M,India,2.1M,2.4M
tomholland2013,14,Cinema & Actors/actresses,67.6M,United States,5.7M,7M
j.m,15,,38.1M,,11.8M,11.8M
agustd,16,Lifestyle,36.5M,,10.4M,10.4M
jin,17,,37.4M,United States,9.9M,9.9M
beyonce,18,MusicFashion,267.4M,United States,949.9K,1.3M
khloekardashian,19,Clothing & OutfitsLifestyle,260.4M,United States,1.1M,1.4M
sooyaaa__,20,MusicBeauty,62.1M,Indonesia,4.9M,5.6M
billieeilish,21,Music,104.3M,United States,2.4M,3.1M
neymarjr,22,Sports with a ball,176.2M,Brazil,1.3M,1.8M
khaby00,23,Sports with a ball,78.6M,India,2.8M,3.9M
justinbieber,24,Music,245.9M,India,798.5K,1.2M
roses_are_rosie,25,Music,61M,Indonesia,4M,4.6M
uarmyhope,26,Art/ArtistsCinema & Actors/actressesMusic,37.4M,South Korea,6.9M,6.9M
badbunnypr,27,Music,41.4M,United States,3.9M,6M
nickiminaj,28,Music,197.8M,United States,744.2K,1.2M
instagram,29,Photography,528.4M,India,339.6K,434.3K
jungkook.97,30,Music,43M,,5.2M,5.2M
bts.bighitofficial,31,Music,66M,Indonesia,3M,3.3M
iamcardib,32,MusicFashion,137.3M,United States,1.1M,1.5M
kourtneykardash,33,Lifestyle,189M,United States,739.8K,1.1M
karolg,34,Music,54.5M,Mexico,3M,3.7M
zayn,35,Music,46.2M,India,2.7M,4.3M
rkive,36,Lifestyle,36M,,5.4M,5.4M
milliebobbybrown,37,Cinema & Actors/actresses,53.2M,Brazil,2.8M,3.5M
gigihadid,38,ModelingLifestyle,74.9M,United States,1.6M,2.4M
jlo,39,MusicCinema & Actors/actresses,217.5M,United States,585.7K,743.2K
kingjames,40,Sports with a ball,127.4M,United States,741.7K,1.3M
therock,41,Cinema & Actors/actressesFitness & Gym,327.3M,India,373.2K,479.8K
adele,42,Music,50.6M,United States,2.2M,3.1M
georginagio,43,LifestyleFashionClothing & Outfits,39M,India,2.7M,3.8M
champagnepapi,44,Music,116.6M,United States,753.6K,1.2M
katrinakaif,45,Beauty,65.6M,India,1.9M,2.2M
harrystyles,46,MusicFashion,46.3M,United States,2.1M,2.9M
mileycyrus,47,Music,178.2M,United States,557.8K,757.2K
eunwo.o_c,48,MusicLifestyle,29.2M,Indonesia,3.6M,4.5M
travisscott,49,Music,45.8M,United States,1.7M,2.5M
ester_exposito,50,Cinema & Actors/actresses,29.4M,Russia,2.6M,3.8M
robertdowneyjr,51,Cinema & Actors/actresses,53.2M,India,1.6M,2M
dlwlrma,52,Art/Artists,27M,South Korea,3M,3.5M
actorleeminho,53,Cinema & Actors/actresses,30.1M,Indonesia,2.4M,3.1M
narendramodi,54,Finance & EconomicsBusiness & Careers,68.2M,India,1.2M,1.3M
shawnmendes,55,Music,69.4M,Brazil,838K,1.2M
k.mbappe,56,Sports with a ball,72.4M,France,806.5K,1.1M
johnnydepp,57,Cinema & Actors/actressesMusic,26.6M,India,2.4M,3.1M
aliaabhatt,58,Cinema & Actors/actresses,67.2M,India,979.6K,1.2M
oliviarodrigo,59,MusicCinema & Actors/actresses,27.1M,India,2.3M,2.9M
anushkasharma,60,Cinema & Actors/actresses,59.3M,India,1.2M,1.3M
dualipa,61,Music,85.1M,Mexico,729.1K,879.1K
dovecameron,62,Cinema & Actors/actresses,48.1M,United States,1.2M,1.5M
camila_cabello,63,Music,64.4M,Brazil,845.4K,1.1M
noahschnapp,64,Cinema & Actors/actresses,24.7M,Brazil,2.3M,2.9M
danbilzerian,65,Cinema & Actors/actresses,32.9M,India,1.3M,2.2M
charlidamelio,66,LifestyleShows,48.9M,United States,1.2M,1.4M
dojacat,67,Music,24.2M,United States,2M,2.7M
chrishemsworth,68,Cinema & Actors/actresses,55.1M,India,869.2K,1.1M
kimberly.loaiza,69,Clothing & OutfitsLifestyle,35.2M,Mexico,1.4M,1.7M
lelepons,70,Music,49M,Mexico,763.5K,1.2M
iamzlatanibrahimovic,71,Sports with a ball,54.6M,Italy,682.1K,1.1M
mosalah,72,Sports with a ball,51.9M,Egypt,753.4K,1.1M
bn_sj2013,73,Cinema & Actors/actressesModelingLifestyle,22.2M,Indonesia,2.1M,2.5M
jongsuk0206,74,Cinema & Actors/actresses,23M,Indonesia,1.8M,2.4M
handemiyy,75,Cinema & Actors/actresses,28.5M,Turkey,1.4M,1.9M
niallhoran,76,Music,30.2M,United States,1.2M,1.8M
paulodybala,77,Sports with a ball,47.7M,Argentina,684.3K,1.1M
gal_gadot,78,Cinema & Actors/actresses,83.8M,United States,468.3K,605.9K
oohsehun,79,Music,23.3M,Indonesia,1.7M,2.1M
realmadrid,80,Sports with a ball,121.8M,Spain,289.5K,396.5K
sadiesink_,81,ModelingLifestyleBeauty,21.6M,Brazil,1.5M,2.2M
lilireinhart,82,Cinema & Actors/actresses,29M,Brazil,1.1M,1.6M
chrisbrownofficial,83,Music,115.1M,United States,267K,414.5K
fcbarcelona,84,Sports with a ball,110M,Indonesia,281.6K,424.1K
iamsrk,85,Cinema & Actors/actresses,30M,India,1.2M,1.6M
ddlovato,86,Music,136.3M,United States,264.5K,338.1K
rashmika_mandanna,87,BeautyArt/ArtistsCinema & Actors/actresses,32.3M,India,1.2M,1.4M
dishapatani,88,Cinema & Actors/actressesLifestyle,52.1M,India,696K,855.2K
songkang_b,89,LifestyleMusic,14.4M,Mexico,2.2M,3.1M
bellahadid,90,Modeling,53.2M,United States,499.7K,798.4K
jacksonwang852g7,91,Music,28.9M,China,1.2M,1.5M
deepikapadukone,92,Cinema & Actors/actresses,67.8M,India,468.7K,611K
dannapaola,93,Music,34.5M,Mexico,828.3K,1.2M
blackpinkofficial,94,Music,47.7M,Indonesia,700.1K,853K
haileybieber,95,LifestyleModeling,45.9M,United States,655.9K,880.4K
karimbenzema,96,Sports with a ball,55.9M,France,502.4K,724K
zacefron,97,Cinema & Actors/actresses,53.9M,United States,514.9K,747.1K
antonelaroccuzzo,98,ModelingFamily,20M,Argentina,1.2M,2M
realstraykids,99,Music,21.9M,Indonesia,1.5M,1.8M
nasa,100,SciencePhotography,78.6M,India,412.2K,496.7K
nasa,101,SciencePhotography,78.6M,India,412.2K,496.7K
yawnzzn,102,,9.6M,India,3.2M,4.1M
chrisevans,103,,17M,United States,1.9M,2.3M
twicetagram,104,MusicModeling,26.1M,Indonesia,1.2M,1.5M
priyankachopra,105,Cinema & Actors/actresses,80.2M,India,390.3K,471.9K
ursulolita,106,Cinema & Actors/actressesModeling,24.1M,Brazil,1.1M,1.6M
jenniferaniston,107,Cinema & Actors/actresses,40.7M,Brazil,628K,911.9K
hi_high_hiy,108,Cinema & Actors/actresses,14.3M,South Korea,2.2M,2.6M
addisonraee,109,Beauty,40.4M,United States,579.2K,892.3K
nike,110,Fitness & GymShopping & RetailClothing & Outfits,227.6M,United States,123.5K,158.4K
finnwolfhardofficial,111,MusicCinema & Actors/actresses,24.6M,Brazil,1.1M,1.4M
samantharuthprabhuoffl,112,BeautyModelingCinema & Actors/actresses,24.2M,India,1.2M,1.4M
madelame,113,Cinema & Actors/actresses,25.4M,Russia,965.6K,1.4M
miakhalifa,114,Fitness & GymLifestyle,27.8M,India,769.7K,1.2M
jannatzubair29,115,Cinema & Actors/actresses,43.3M,India,635.3K,772.1K
katyperry,116,Music,167.2M,Brazil,156.3K,200.4K
meganfox,117,Cinema & Actors/actresses,20.4M,United States,973.9K,1.6M
vindiesel,118,Cinema & Actors/actresses,81.7M,Brazil,309.8K,403.9K
kapilsharma,119,Cinema & Actors/actressesShows,42M,India,683.8K,780.7K
camimendes,120,Cinema & Actors/actresses,27.1M,Brazil,861.5K,1.2M
akshaykumar,121,Cinema & Actors/actresses,62.6M,India,428.1K,511.5K
tyga,122,Music,35.4M,United States,604.1K,904.1K
_jeongjaehyun,123,,12.1M,Indonesia,2.1M,2.7M
ladygaga,124,MusicCinema & Actors/actresses,53.1M,United States,426.5K,598.8K
kritisanon,125,Modeling,49.7M,India,538.6K,626.9K
hoooooyeony,126,Lifestyle,23.4M,South Korea,1M,1.3M
mrbeast,127,ShowsHumor & Fun & Happiness,19M,United States,1.2M,1.6M
rosalia.vt,128,Music,20.9M,Spain,1.1M,1.5M
shakira,129,Music,75.6M,India,294K,400.3K
pewdiepie,130,Computers & Gadgets,21.9M,United States,1.1M,1.4M
hrithikroshan,131,Cinema & Actors/actresses,43.5M,India,540.9K,684K
madelyncline,132,Cinema & Actors/actresses,12.6M,United States,1.6M,2.4M
hazardeden_10,133,Sports with a ball,27M,Spain,680.8K,1.1M
shraddhakapoor,134,Cinema & Actors/actresses,73.4M,India,349K,403.7K
vinijr,135,Sports with a ball,21.3M,Brazil,806.7K,1.4M
emrata,136,Modeling,29.5M,United States,606.1K,967.7K
lanarhoades,137,LifestyleModeling,16.8M,United States,1M,1.7M
britneyspears,138,Music,41.6M,United States,494.6K,685.6K
maluma,139,Music,62.7M,Italy,294.2K,452.1K
beingsalmankhan,140,Cinema & Actors/actressesArt/Artists,53M,India,417.3K,534.9K
luisitocomunica,141,Humor & Fun & HappinessClothing & Outfits,32.3M,Mexico,643.5K,852.1K
natgeo,142,Nature & landscapesSciencePhotography,232.2M,United States,91.4K,117.8K
madisonbeer,143,Music,31.8M,United States,571.3K,852.4K
jacquelinef143,144,Cinema & Actors/actresses,62.2M,India,347.8K,424.3K
garethbale11,145,Sports with a ball,47.8M,Spain,342.3K,538.6K
norafatehi,146,Cinema & Actors/actressesMusicShows,41.2M,India,507K,625.7K
sabrinacarpenter,147,Music,27.4M,Brazil,756.6K,928.8K
marcelotwelve,148,Sports with a ball,57.2M,Spain,300.9K,446.2K
rohittt_09_,149,ShowsLifestyle,23.6M,India,753.1K,1.1M
jasonstatham,150,Cinema & Actors/actresses,30.7M,Iran,549.9K,811.9K
thedeverakonda,151,Cinema & Actors/actresses,16M,India,1.3M,1.6M
theestallion,152,Music,29.1M,United States,486.6K,850.2K
theweeknd,153,Music,40.3M,United States,446.6K,607K
shahidkapoor,154,Cinema & Actors/actresses,35.3M,India,608.7K,688.5K
elrubiuswtf,155,Computers & Gadgets,17M,Mexico,1.3M,1.4M
annehathaway,156,Cinema & Actors/actresses,24.4M,United States,737.6K,972.3K
sydney_sweeney,157,LifestyleCinema & Actors/actresses,13.6M,United States,923.9K,1.7M
erling.haaland,158,LifestyleSports with a ball,17.1M,Brazil,909.8K,1.4M
lewishamilton,159,Racing Sports,29M,Brazil,553.7K,793.7K
hegdepooja,160,Cinema & Actors/actresses,20.7M,India,961.1K,1.1M
luissuarez9,161,Sports with a ball,44.1M,Brazil,347.4K,520.8K
championsleague,162,Sports with a ball,95.7M,Brazil,175.8K,237.7K
433,163,Sports with a ball,50.8M,Spain,266.7K,441.3K
eminem,164,Cinema & Actors/actressesMusic,36.2M,Iran,481.3K,621.4K
rohitsharma45,165,Sports with a ballLifestyle,24.4M,India,810.3K,914.3K
zkdlin,166,Music,14.1M,Indonesia,1.3M,1.6M
sidhu_moosewala,167,,10.8M,India,1.7M,2.1M
jichangwook,168,Cinema & Actors/actresses,20.6M,Indonesia,836.5K,1.1M
jamesrodriguez10,169,Sports with a ball,49.8M,Colombia,286.1K,436.9K
na.jaemin0813,170,,9.8M,Indonesia,1.8M,2.3M
greeicy,171,ShowsCinema & Actors/actresses,21.2M,Colombia,753.5K,1M
emmachamberlain,172,LifestyleShows,15.9M,United States,873.5K,1.3M
evaluna,173,FamilyMusic,20.7M,Argentina,744.1K,1M
henrycavill,174,Cinema & Actors/actresses,21.3M,Brazil,826.5K,1M
carlinhosmaiaof,175,Lifestyle,25.8M,Brazil,457.4K,837K
domelipa,176,Lifestyle,18.9M,Mexico,915.5K,1.1M
saraalikhan95,177,Cinema & Actors/actresses,40.7M,India,424.3K,518.3K
m10_official,178,Sports with a ball,24.5M,Turkey,617.1K,866.6K
cznburak,179,Food & Cooking,37M,Turkey,418.5K,566.2K
imhyoseop,180,Lifestyle,8.5M,Indonesia,2.1M,2.5M
vancityreynolds,181,Cinema & Actors/actresses,44.5M,United States,362.3K,467.9K
stephencurry30,182,Sports with a ballFamily,44.7M,United States,344.3K,462.1K
strangerthingstv,183,Cinema & Actors/actressesShows,20.5M,Brazil,727.5K,974K
justintimberlake,184,MusicArt/ArtistsCinema & Actors/actresses,65.5M,United States,226.5K,299.5K
feliciathegoat,185,Music,13M,United States,911.4K,1.5M
haileesteinfeld,186,Cinema & Actors/actresses,19.1M,United States,796.2K,1M
lukamodric10,187,Sports with a ball,24.3M,Spain,537.8K,787.4K
renebaebae,188,LifestyleModeling,10.7M,Indonesia,1.5M,1.8M
do0_nct,189,Lifestyle,10.3M,Indonesia,1.4M,1.8M
paulpogba,190,Sports with a ball,54.7M,Brazil,190.8K,339.5K
heybiblee,191,Modeling,14.4M,Indonesia,926.6K,1.3M
sergioramos,192,Sports with a ball,52.3M,Spain,222.1K,343K
nattinatasha,193,MusicCinema & Actors/actresses,35.9M,Mexico,417.9K,502.2K
thinkaboutzu,194,,6.6M,United States,0,2.8M
awez_darbar,195,ShowsHumor & Fun & Happiness,21.4M,India,694.6K,831.4K
bizarrap,196,Music,13.5M,Argentina,1.1M,1.3M
nina,197,Cinema & Actors/actresses,25.7M,Brazil,479.9K,687.6K
leedongwook_official,198,Cinema & Actors/actresses,14.6M,Indonesia,904.6K,1.2M
_imyour_joy,199,Lifestyle,14M,Indonesia,1M,1.2M
bambam1a,200,Music,16.6M,Brazil,840.2K,1.1M
anuel,201,Music,28.8M,Spain,399.2K,613.7K
momo,202,Modeling,6.9M,Turkey,1.7M,2.6M
momo,203,,6.9M,Turkey,1.7M,2.6M
zidane,204,Sports with a ball,33.1M,Spain,379.8K,517.9K
marshmello,205,,29.4M,,0,579.2K
hardikpandya93,206,Sports with a ball,21.7M,India,625.4K,784.1K
sza,207,Music,12.3M,United States,819.7K,1.4M
zachking,208,ShowsHumor & Fun & Happiness,24.7M,Indonesia,447K,687.7K
anitta,209,Music,62.9M,Brazil,145.8K,269.5K
liluzivert,210,Music,16.1M,United States,568.5K,1M
kartikaaryan,211,Cinema & Actors/actresses,25.5M,India,523.3K,651K
louist91,212,Music,18.5M,Brazil,658.4K,901.1K
nehakakkar,213,Music,70.4M,India,199.6K,231.8K
iamhalsey,214,Music,30.1M,United States,410K,539K
thenameisyash,215,Cinema & Actors/actresses,10.9M,India,1.3M,1.5M
davidbeckham,216,FamilySports with a ball,74.5M,India,169K,217.1K
marshmello,217,Music,29.4M,,0,547.6K
janhvikapoor,218,LifestyleCinema & Actors/actresses,17.7M,India,762.3K,910.2K
lilbaby,219,Music,19.8M,United States,442.1K,815.8K
onyourm__ark,220,Lifestyle,9M,Indonesia,1.4M,1.8M
bbrightvc,221,Cinema & Actors/actresses,15.5M,Indonesia,851.2K,1M
serna_amini,222,,9.1M,Iran,1.3M,1.8M
riaricis1795,223,Lifestyle,31.3M,Indonesia,412.3K,504.4K
hannahstocking,224,Modeling,22.1M,United States,493.5K,699.8K
iansomerhalder,225,Cinema & Actors/actresses,23.1M,United States,447K,668.3K
somsomi0309,226,Music,15.1M,Indonesia,808.8K,1M
mirella,227,Music,27.2M,Brazil,265.4K,560.6K
iamferv,228,LifestyleArt/Artists,10M,Mexico,1.1M,1.5M
skuukzky,229,Clothing & OutfitsMusic,17.9M,Indonesia,678.7K,837.2K
anushkasen0408,230,Cinema & Actors/actresses,38M,India,336.7K,393.2K
kunaguero,231,Sports with a ball,23.5M,Argentina,363.4K,628.4K
psg,232,Sports with a ball,61.2M,Brazil,143.2K,240.5K
mr_faisu_07,233,ModelingCinema & Actors/actresses,27.9M,India,418.7K,535.5K
larasilva,234,ShowsAdult content,17.4M,Brazil,551.2K,850.1K
paulolondra,235,Music,13.8M,Argentina,678.8K,1.1M
winmetawin,236,Lifestyle,13.8M,Philippines,938.2K,1.1M
taeoxo_nct,237,Lifestyle,9.4M,Indonesia,1.2M,1.6M
tinistoessel,238,Music,18.3M,Argentina,592.3K,793.7K
klrahul,239,Sports with a ball,12.9M,India,872.1K,1.1M
hero_ft,240,Cinema & Actors/actressesModeling,7.6M,Brazil,1.2M,1.9M
johnnyjsuh,241,LifestyleMusic,8.7M,Indonesia,1.3M,1.6M
carryminati,242,Computers & GadgetsMachinery & Technologies,15.9M,India,752.5K,885.8K
jessicah_o,243,Music,12.1M,United States,909.2K,1.2M
samoylovaoxana,244,FamilyLifestyle,15.2M,Russia,679.4K,923.3K
colesprouse,245,Modeling,36M,United States,292.1K,382.5K
tigerjackieshroff,246,Cinema & Actors/actresses,35.4M,India,315.2K,385.9K
m.by__sana,247,,6.3M,United States,0,2.2M
holyhaein,248,,10.2M,Indonesia,1.1M,1.3M
manurios,249,Shows,11.1M,Mexico,711.7K,1.2M
mina_sr_my,250,,5.6M,United States,0,2.4M
juandediospantoja,251,MusicArt/ArtistsCinema & Actors/actresses,22.3M,Mexico,517.7K,591.2K
rauwalejandro,252,Music,15M,Spain,605.4K,876K
luvadepedreiro,253,FamilySports with a ball,15.3M,Brazil,377.5K,855.4K
ronaldinho,254,Sports with a ball,67.4M,Brazil,108.8K,192.3K
avneetkaur_13,255,Cinema & Actors/actresses,32.3M,India,329.9K,402.5K
xeesoxee,256,Lifestyle,9.3M,Indonesia,1.1M,1.4M
daddyyankee,257,Music,45.8M,Argentina,204.4K,284.4K
iambeckyg,258,Music,32.8M,Mexico,324.2K,389.7K
xxxibgdrgn,259,PhotographyFashion,21.2M,Indonesia,475.6K,602.8K
ileana_official,260,Cinema & Actors/actresses,14.9M,India,702.1K,852.8K
taeyeon_ss,261,Music,18.7M,South Korea,559.6K,681.1K
sunnyleone,262,BeautyCinema & Actors/actresses,53.1M,India,177.1K,238.7K
soohyun_k216,263,,13.7M,Indonesia,753.3K,918.1K
keniaos,264,Music,13.6M,Mexico,712.4K,926.9K
maisa,265,Music,44M,Brazil,210.6K,284.7K
vickykaushal09,266,Cinema & Actors/actresses,14.1M,India,752.9K,883.9K
riyaz.14,267,LifestyleArt/Artists,27.3M,India,353.4K,460.1K
sachintendulkar,268,Sports with a ballLifestyle,35.1M,India,289.9K,346.5K
layzhang,269,Music,14.2M,Indonesia,814.8K,865.9K
varundvn,270,Cinema & Actors/actresses,43.2M,India,227.7K,279.5K
trippieredd,271,Music,13.1M,United States,472.5K,926K
clean_0828,272,Lifestyle,8M,Indonesia,1.2M,1.5M
nayeonyny,273,,6.6M,United States,0,1.9M
angelrai07,274,Humor & Fun & Happiness,20.5M,India,487.2K,587.5K
chaeyo.0,275,,5.8M,United States,0,2.1M
liampayne,276,Music,24.4M,United States,350.9K,489.8K
lomon991111,277,Lifestyle,5.7M,,0,2.1M
psg,278,Sports with a ball,61.2M,Brazil,113.7K,191.8K
hi_sseulgi,279,Modeling,12.5M,Indonesia,743.9K,932.8K
charlieputh,280,Music,16.5M,United States,491.1K,697.7K
ashishchanchlani,281,Cinema & Actors/actresses,14.6M,India,638.4K,780.4K
iammichelemorroneofficial,282,LifestyleCinema & Actors/actressesMusic,14.9M,Brazil,534.7K,766.6K
_zyozyo,283,,5.5M,United States,0,2.1M
anguscloud,284,LifestyleMusic,8.2M,United States,831K,1.4M
shaymitchell,285,BeautyFamilyLifestyle,33.8M,United States,234.1K,326.7K
kiaraaliaadvani,286,Cinema & Actors/actresses,24.3M,India,400.5K,453.7K
krisjenner,287,ShowsBeautyFamily,48.9M,United States,148.3K,224.2K
perrieedwards,288,Modeling,15.5M,Brazil,452.3K,705.7K
yaocabrera,289,Computers & GadgetsBusiness & Careers,14.7M,Argentina,342.3K,741.5K
tenlee_1001,290,Music,9.8M,Indonesia,877.3K,1.1M
min9yu_k,291,Music,6.9M,Indonesia,1.3M,1.6M
alexandradaddario,292,Cinema & Actors/actresses,22.6M,India,388.3K,475.1K
alidaei,293,Sports with a ball,9M,Iran,739.5K,1.2M
gatenm123,294,MusicCinema & Actors/actressesFashion,17M,Brazil,474.8K,626.7K
yaocabrera,295,Business & Careers,14.3M,Argentina,343K,743.5K
_rl9,296,Sports with a ball,26.8M,Poland,312.5K,397.1K
bighit_ent,297,Music,13M,Indonesia,660.3K,813.9K
kimjuncotton,298,Lifestyle,10.3M,Indonesia,859.1K,1M
whinderssonnunes,299,Humor & Fun & Happiness,58.6M,Brazil,114.5K,179.4K
jy_piece,300,,4.8M,United States,0,2.2M
imsebastianstan,301,ShowsCinema & Actors/actresses,9.4M,United States,933.1K,1.1M
therealcalebmclaughlin,302,Cinema & Actors/actressesLifestyle,14.2M,United States,493.3K,724.2K
nct,303,Music,14.4M,Indonesia,541.4K,709.2K
yuu_taa_1026,304,,8.4M,Indonesia,950.4K,1.2M
m_kayoung,305,Cinema & Actors/actresses,8.3M,Indonesia,930.3K,1.2M
yellow_3to3,306,LifestyleMusic,5.9M,Indonesia,1.4M,1.7M
_mariahwasa,307,,8.2M,Brazil,973.8K,1.3M
rudeth,308,Humor & Fun & Happiness,6.5M,United States,1M,1.6M
mont.pantoja,309,,12M,Mexico,699.7K,832.7K
mariaalice,310,,7.3M,Brazil,667.5K,1.4M
enhypen,311,Music,10.5M,Indonesia,678.9K,952.4K
realbarbarapalvin,312,ModelingFashion,17.9M,Russia,412.1K,556K
marktuan,313,MusicCinema & Actors/actressesModeling,12.8M,Thailand,590.8K,776.3K
maudyayunda,314,Music,16.9M,Indonesia,394.8K,581.3K
bretmanrock,315,Art/ArtistsBeauty,18.4M,United States,315.5K,531K
elrodrigocontreras,316,Lifestyle,12.9M,Mexico,684.5K,754.7K
nct127,317,Music,14.1M,Indonesia,555.1K,685.8K
wwiinn_7,318,,7.3M,Indonesia,1.2M,1.3M
lizasoberano,319,BeautyCinema & Actors/actressesModeling,17.3M,Philippines,467.4K,557.7K
bellapoarch,320,LifestyleMusic,14.1M,United States,502.1K,677.8K
bhuvan.bam22,321,Cinema & Actors/actresses,14.8M,India,525.4K,650K
txt_bighit,322,Family,12.5M,Indonesia,604.8K,763K
dahhyunnee,323,,5.3M,United States,0,1.8M
jamescharles,324,Beauty,22.9M,United States,282.8K,414K
taehyung.bighitentertainment,325,Management & MarketingMusic,10M,Indonesia,909.7K,960.7K
postmalone,326,Music,22.4M,United States,274.8K,420.2K
ssinz7,327,MusicCinema & Actors/actresses,13.7M,Indonesia,555.7K,683.1K
o.dembele7,328,Sports with a ball,10.9M,Spain,503.1K,862.3K
ranveersingh,329,Cinema & Actors/actressesModelingClothing & Outfits,40.1M,India,179.2K,233.4K
jinyoung_0922jy,330,Music,9.9M,Indonesia,725.8K,959.7K
luisasonza,331,MusicLifestyle,29.5M,Brazil,198.7K,315.7K
bellathorne,332,MusicArt/Artists,25.4M,United States,217.3K,365K
ksi,333,Music,11.6M,United Kingdom,565.8K,794K
kevindebruyne,334,Sports with a ball,18M,United Kingdom,322.4K,499.5K
marvel,335,Cinema & Actors/actressesComics & sketchesShows,65.4M,United States,115.9K,136.6K
arigameplays,336,,11M,Mexico,669.1K,803.9K
fedez,337,Music,14.2M,Italy,449.7K,622.1K
prattprattpratt,338,Cinema & Actors/actresses,37.4M,United States,180.7K,235.1K
itzy.all.in.us,339,Music,17.2M,Indonesia,414.3K,507.3K
lestykejora,340,Music,25.7M,Indonesia,263K,339K
jbalvin,341,Music,52.8M,Mexico,125K,163.6K
kehlani,342,MusicFamily,14M,United States,392.3K,611.8K
manchesterunited,343,Sports with a ball,59M,United Kingdom,92.3K,145.2K
peytonlist,344,Cinema & Actors/actresses,20.2M,United States,281.8K,422.7K
wi__wi__wi,345,LifestyleMusic,10.1M,South Korea,691.6K,832.2K
dixiedamelio,346,MusicClothing & Outfits,25M,United States,228.9K,335.5K
vinniehacker,347,Lifestyle,5.8M,United States,695.7K,1.5M
madhuridixitnene,348,MusicCinema & Actors/actresses,32M,India,225.3K,259.6K
mathildtantot,349,LifestyleModeling,10.2M,United States,533.1K,807K
keerthysureshofficial,350,FashionCinema & Actors/actresses,13.4M,India,539.3K,616.3K
ibaillanos,351,Art/Artists,7.8M,Spain,725.4K,1M
easymoneysniper,352,LifestyleSports with a ball,13.1M,United States,325.4K,610.9K
michelleobama,353,Finance & EconomicsBusiness & CareersFamily,50.3M,United States,144.7K,159.8K
ross_lynch,354,MusicCinema & Actors/actresses,10.2M,United States,392.6K,783.8K
attahalilintar,355,Art/ArtistsShows,23.9M,Indonesia,243.2K,333.3K
lizgillz,356,MusicCinema & Actors/actresses,14.1M,Mexico,389.5K,563.7K
cbum,357,Fitness & Gym,9M,United States,542K,895K
hassan_reyvandi,358,Cinema & Actors/actressesHumor & Fun & Happiness,19.5M,Iran,296.5K,410.2K
nicki.nicole,359,Music,12.2M,Argentina,439K,649.5K
demirose,360,ModelingLifestyleFashion,19.9M,United States,305.4K,398.2K
natashawilona12,361,Beauty,38.9M,Indonesia,170.1K,200.7K
lexibrookerivera,362,ShowsHumor & Fun & Happiness,8.5M,United States,765K,956.8K
thebursin,363,Cinema & Actors/actresses,10.7M,Russia,567.8K,741.7K
imouniroy,364,Cinema & Actors/actresses,23.9M,India,267.8K,324.4K
yasmine_sabri,365,Cinema & Actors/actressesLifestyle,19.4M,Egypt,286.1K,401.7K
kevinhart4real,366,Cinema & Actors/actresses,148.8M,United States,35.5K,52.3K
sidmalhotra,367,Cinema & Actors/actressesModeling,19.9M,India,311.5K,387.1K
sommerray,368,Modeling,26.5M,United States,184.7K,289.8K
brunamarquezine,369,Cinema & Actors/actresses,43.1M,Brazil,105.1K,181.8K
miguel.g.herran,370,Cinema & Actors/actresses,14.1M,Brazil,362.2K,545.5K
louispartridge_,371,Cinema & Actors/actresses,7.6M,United States,691.5K,1M
pubity,372,Humor & Fun & Happiness,31.8M,United States,166K,241.7K
taina,373,Music,16M,Brazil,227.9K,475.5K
alok,374,MusicArt/Artists,27.7M,Brazil,215K,275.5K
camilo,375,Music,27.5M,Argentina,173.6K,275.4K
alwaysramcharan,376,Cinema & Actors/actresses,8.1M,India,842.7K,944K
lilyjcollins,377,Cinema & Actors/actresses,27M,United States,186.7K,277.6K
lilnasx,378,Music,12.5M,United States,358.9K,600.8K
sportscenter,379,Sports with a ballShows,31.3M,United States,132.9K,239.6K
phil.coutinho,380,Sports with a ball,25M,Brazil,182.8K,297.7K
thenotoriousmma,381,Fitness & Gym,45.8M,United States,110.9K,162.9K
ms_puiyi,382,Adult content,18.7M,United States,309.1K,395.8K
mo.on_air,383,,4.9M,Indonesia,1.3M,1.5M
nickjonas,384,MusicArt/Artists,32.9M,United States,155.5K,222.3K
hyunah_aa,385,Music,18.1M,South Korea,339.4K,402.9K
todayis_wendy,386,,6.9M,Indonesia,892.2K,1.1M
weareone.exo,387,Music,10M,Indonesia,579.8K,727.9K
lildurk,388,MusicArt/Artists,13.9M,United States,186.2K,524.5K
hunterschafer,389,,7.3M,United States,606.2K,998.2K
sadiomaneofficiel,390,Sports with a ball,11.6M,United Kingdom,435.7K,621.8K
9gag,391,Humor & Fun & Happiness,58.2M,Indonesia,95.7K,123.4K
for_everyoung10,392,Lifestyle,5.1M,Indonesia,1.1M,1.4M
caradelevingne,393,ModelingCinema & Actors/actresses,43M,United States,120K,166.5K
euphoria,394,,7.9M,United States,566.2K,913.7K
saweetie,395,Cinema & Actors/actresses,13.2M,United States,233.7K,542.6K
daquan,396,Humor & Fun & Happiness,16.8M,United States,272.4K,420.3K
i_m_hendery,397,,6.2M,United States,891.4K,1.2M
darshanravaldz,398,Music,15.3M,India,384.9K,465.2K
jadepicon,399,ModelingFashion,20.7M,Brazil,160.1K,354.7K
barbieferreira,400,LifestyleMusicCinema & Actors/actresses,6.3M,United States,620K,1.1M
i_m_hendery,401,,6.2M,United States,891.4K,1.2M
darshanravaldz,402,Music,15.3M,India,384.9K,465.2K
kyo1122,403,Cinema & Actors/actresses,13.3M,Indonesia,411.6K,524.4K
barbieferreira,404,LifestyleMusicCinema & Actors/actresses,6.3M,United States,620K,1.1M
rakulpreet,405,Cinema & Actors/actressesModeling,22.1M,India,267.5K,314.5K
leaelui,406,ModelingLifestyle,11.6M,India,358.1K,602.1K
simoneses,407,Music,34.8M,Brazil,157.9K,200K
marvelstudios,408,Cinema & Actors/actressesComics & sketches,37.4M,India,163.6K,183K
angeldimariajm,409,Sports with a ball,17.9M,Argentina,259.6K,381.9K
juliette,410,Cinema & Actors/actresses,33.7M,Brazil,130.6K,207.7K
mingue.k,411,Shows,5.8M,Indonesia,990.9K,1.2M
obj,412,Sports with a ball,16.2M,United States,219K,416K
goar_avetisyan,413,Beauty,11.6M,Russia,421.3K,583.1K
yerimiese,414,Lifestyle,10.7M,Indonesia,506K,627.3K
demetozdemir,415,Cinema & Actors/actresses,15.3M,India,344.4K,439.5K
burakozcivit,416,Cinema & Actors/actresses,21.6M,Turkey,255.6K,309.6K
gururandhawa,417,Music,32.8M,India,163.9K,201.6K
dntlrdl,418,Lifestyle,6.5M,Indonesia,791.2K,1M
yangyang_x2,419,,6.4M,Indonesia,833.1K,1.1M
rachel_mypark,420,Cinema & Actors/actresses,10.2M,Indonesia,519.3K,647K
parishilton,421,Modeling,19.6M,United States,202.5K,334.2K
jhope_bighitentertainment,422,Lifestyle,7.9M,Brazil,753.3K,825.8K
evcenf,423,LifestyleBeauty,13.2M,Turkey,389.6K,491.5K
iynemliarasbulut,424,Cinema & Actors/actressesLifestyle,10.3M,Turkey,447.9K,626.1K
yejinhand,425,Cinema & Actors/actresses,6.9M,Indonesia,719.2K,935.8K
jin_bighitentertainment,426,Lifestyle,8.2M,Indonesia,685.5K,779.5K
thibautcourtois,427,Sports with a ball,10.7M,Spain,406.4K,589.8K
kun11xd,428,Lifestyle,6.7M,Indonesia,758.3K,947.1K
sonamkapoor,429,FashionModeling,33.1M,India,159.5K,189.3K
_shotaroo_,430,LifestyleMusic,5.4M,Indonesia,907.2K,1.2M
raphaelvarane,431,Sports with a ball,19.1M,Spain,217.3K,326.9K
pugachevmark,432,Cars & MotorbikesLuxury,14.1M,Russia,300.3K,441K
shehnaazgill,433,Cinema & Actors/actressesMusic,11.6M,India,463.7K,586.7K
thenewclassic,434,Music,16.4M,United States,234.9K,379.8K
vanessahudgens,435,Cinema & Actors/actresses,46.4M,United States,82K,133.6K
mariabecerra,436,Music,9.8M,Argentina,271.8K,641.3K
jennaortega,437,Cinema & Actors/actressesLifestyle,8.2M,United States,538.9K,767.8K
aron.piper,438,MusicLifestyle,13.9M,Brazil,235.9K,444.8K
_seorina,439,LifestyleCinema & Actors/actresses,6M,South Korea,840.1K,1M
teddysphotos,440,Music,39.5M,United States,113.4K,155.2K
larissamanoela,441,Cinema & Actors/actresses,46.1M,Brazil,80.8K,132.8K
paulwesley,442,Cinema & Actors/actresses,12.3M,Brazil,330.9K,494.3K
djxiao_888,443,,6.9M,Indonesia,720.3K,901K
parineetichopra,444,Cinema & Actors/actresses,37M,India,141.3K,164.4K
romeosantos,445,Music,19.2M,United States,259.7K,319.7K
duki,446,Music,10.1M,Argentina,390.5K,600.8K
conangray,447,Music,6.4M,Brazil,639.6K,955.4K
jessnolimit,448,Shows,7.3M,Indonesia,698.2K,836.5K
k.kbeom,449,,5.3M,Indonesia,931.7K,1.1M
chiaraferragni,450,Beauty,27.5M,Italy,129.4K,216.3K
nadin_serovski,451,FamilyLifestyle,9.4M,Russia,471.3K,648.7K
adamweitsman,452,Business & Careers,17.5M,Russia,247K,337.4K
anupamaparameswaran96,453,Cinema & Actors/actresses,12.2M,India,421.5K,482.2K
superstar_dewasi99,454,MusicCinema & Actors/actresses,12.6M,India,297.1K,468.8K
offsetyrn,455,Music,19.9M,United States,165.6K,295.9K
angeldimariajm,456,Sports with a ball,17.7M,Argentina,224.3K,331.3K
juanpazurita,457,Cinema & Actors/actresses,29.8M,Mexico,138.3K,196.7K
antogriezmann,458,Sports with a ball,36.4M,Spain,99.5K,160.9K
jungkook_bighitentertainment,459,Management & MarketingMusic,9.5M,Brazil,550.7K,624.9K
ana_d_armas,460,Cinema & Actors/actressesLifestyle,7.1M,United States,616.3K,834K
dkharbour,461,Cinema & Actors/actresses,8.5M,United States,531.6K,696.7K
ldh_sky,462,,5.6M,Indonesia,823.7K,1.1M
aboflah,463,Humor & Fun & Happiness,7.4M,Iraq,690.3K,829K
polo.capalot,464,MusicLifestyle,10.5M,United States,335.5K,551.7K
zefelipecantor,465,Music,24.6M,Brazil,134.5K,236.5K
yuyacst,466,Modeling,17.2M,Mexico,218.1K,334.7K
fuji_an,467,LifestyleFamily,11.8M,Indonesia,205.4K,488.2K
anahi,468,MusicModeling,9.8M,Brazil,344.7K,605K
kingbach,469,MusicArt/ArtistsCinema & Actors/actresses,22.7M,United States,126.4K,253.1K
yoona__lim,470,Cinema & Actors/actresses,13.5M,Indonesia,352.9K,422.9K
gianlucavacchi,471,Lifestyle,22.4M,Brazil,166.3K,256.1K
xavi,472,Sports with a ball,9M,Spain,428.7K,643K
anjimaxuofficially,473,Lifestyle,11.5M,India,391.1K,499.7K
khabib_nurmagomedov,474,Fitness & Gym,33.5M,Russia,119.8K,168.6K
jimmyfallon,475,ShowsHumor & Fun & Happiness,22.4M,United States,201.1K,251K
gusttavolima,476,Music,43.8M,Brazil,77.1K,129.7K
julesleblanc,477,MusicShows,9.7M,United States,404.2K,584.6K
ananyapanday,478,Cinema & Actors/actresses,23M,India,207.2K,243.1K
nickyjam,479,Music,43.4M,Colombia,109.3K,129.6K
travisbarker,480,Lifestyle,7.6M,United States,521.8K,738.8K
nikefootball,481,Sports with a ballClothing & Outfits,45.2M,Brazil,79.1K,122.2K
juansguarnizo,482,,5.9M,Mexico,873.7K,957.2K
thehughjackman,483,Cinema & Actors/actresses,30.5M,United States,159.1K,180.9K
c.syresmith,484,Cinema & Actors/actressesLifestyle,19.1M,United States,186.6K,288.2K
itsmarziapie,485,BeautyLifestyle,8.3M,United States,574.9K,671.6K
jailyneojeda,486,ModelingLifestyle,14.2M,United States,280.5K,387.7K
yooncy1,487,,4.9M,South Korea,938.5K,1.1M
gioewbank,488,Cinema & Actors/actressesModeling,28.4M,Brazil,121.2K,192.7K
indiancricketteam,489,Sports with a ball,24.6M,India,189.9K,221.4K
yugyeom,490,MusicArt/ArtistsCinema & Actors/actresses,11.4M,Thailand,373K,482.6K
deiveleonardo,491,Literature & JournalismTrainers & Coaches,11.7M,Brazil,255.6K,470.9K
urvashirautela,492,Cinema & Actors/actresses,53M,India,85.7K,103K
aliiiiiiiikarimi8,493,Sports with a ball,9.4M,Iran,390.5K,588K
fabriziorom,494,Literature & JournalismShows,8.6M,Italy,368.5K,638K
sanchooo10,495,Sports with a ball,8.6M,United Kingdom,362.9K,634K
joeyking,496,MusicCinema & Actors/actressesModeling,19M,Brazil,195.5K,280.3K
nianaguerrero,497,MusicKids & Toys,14.2M,Indonesia,297.5K,373.3K
hshq,498,MusicCinema & Actors/actressesFashion,6.3M,United States,488.2K,859K
lacasadepapel,499,ShowsCinema & Actors/actresses,12.8M,Brazil,274.8K,412.7K
fcbayern,500,Sports with a ball,33.3M,Germany,109.2K,159.4K
choi_seung_hyun_tttop,501,,14.3M,Indonesia,316.6K,374.6K
vousmevoyez,502,MusicCinema & Actors/actresses,10.3M,Indonesia,393.9K,510.7K
pefabiodemelo,503,Lifestyle,25.7M,Brazil,137.5K,207.4K
rahulkl,504,,12.3M,India,366.1K,427.1K
donya,505,Fashion,15.2M,Iran,231.4K,366.4K
sav.labrant,506,FamilyLifestyleShows,7.1M,United States,556.4K,744.3K
abdevilliers17,507,Sports with a ballLifestyle,18.4M,India,245.3K,283.6K
arishfakhan138,508,Cinema & Actors/actresses,29.3M,India,145.7K,177.9K
liamhemsworth,509,Cinema & Actors/actresses,13.1M,United States,275.9K,391.8K
iscoalarcon,510,Sports with a ball,24.9M,Spain,142.1K,205.9K
jimin_bighitentertainment,511,,8.8M,Indonesia,528.2K,585.1K
lucasranngel,512,Lifestyle,19.8M,Brazil,116.9K,258.7K
dear.zia,513,Lifestyle,3.7M,South Korea,1.2M,1.4M
hakkiakdenizz,514,Business & Careers,23.5M,Russia,149.1K,215.1K
dra.deolanebezerra,515,Lifestyle,14.4M,Brazil,164.7K,352.9K
jokowi,516,Finance & Economics,47.4M,Indonesia,87.3K,107.2K
nusr_et,517,Food & Cooking,46.9M,Turkey,73.6K,108.6K
fortnite,518,Computers & Gadgets,25.9M,United States,165.2K,195.4K
loud_victor,519,LifestyleSports with a ball,10.7M,Brazil,372.2K,474.1K
cvillaloboss,520,ShowsCinema & Actors/actresses,20.1M,Colombia,204.1K,250.7K
dylansprouse,521,Cinema & Actors/actresses,9.2M,United States,351K,551.1K
melissamelmaia,522,Music,12.9M,Brazil,213.2K,386.6K
sofiaalcastro,523,ShowsCinema & Actors/actressesLifestyle,8.8M,Colombia,424.6K,577.9K
litkillah,524,Music,7.9M,Argentina,485.7K,640.4K
21savage,525,Music,13.5M,United States,210.6K,370.6K
amitabhbachchan,526,Cinema & Actors/actresses,30.7M,India,141.4K,162.6K
maya_hawke,527,Music,7.3M,United States,501.7K,694.6K
tatawerneck,528,Cinema & Actors/actressesFamily,53.6M,Brazil,58.9K,93.3K
viihtube,529,Cinema & Actors/actresses,23.5M,Brazil,112.1K,210.6K
hm_son7,530,Sports with a ball,7.4M,Brazil,417.3K,678.8K
davido,531,Music,24.6M,Nigeria,148.4K,206.5K
leonardodicaprio,532,Cinema & Actors/actresses,54.2M,United States,74.3K,91.1K
bernardokath,533,BeautyCinema & Actors/actressesFashion,17.3M,Philippines,233.7K,282.1K
chloegmoretz,534,Cinema & Actors/actresses,21.1M,United States,173.9K,232.3K
wizkidayo,535,Music,14.9M,Nigeria,175.2K,340.9K
melo,536,Sports with a ball,9M,United States,269.7K,548.1K
jimena.jimenezr,537,,5.8M,Mexico,581.1K,839.2K
gessicakayane,538,ShowsHumor & Fun & Happiness,20M,Brazil,117.5K,242.6K
andreavaldirisos,539,LifestyleBeauty,8.6M,Colombia,400.1K,569.1K
joaogomescantor,540,FamilyMusic,12.8M,Brazil,137.6K,377.3K
quavohuncho,541,Music,21.4M,United States,135.8K,222.6K
travisbarker,542,Lifestyle,7.6M,United States,446.3K,631.5K
caviarmagnat,543,,15.1M,Russia,216.8K,313.8K
suga_bighitentertainment,544,Music,7.6M,Indonesia,558.5K,630.3K
pablogavi,545,,4.7M,,0,1M
netflixbrasil,546,ShowsCinema & Actors/actresses,31.8M,Brazil,87.8K,149.4K
ridwankamil,547,Literature & JournalismBusiness & CareersFinance & Economics,18.4M,Indonesia,169K,257.1K
beautifuldestinations,548,PhotographyTravel,24.7M,United States,142.1K,190.6K
angelinajolie,549,Lifestyle,13.2M,Brazil,216.4K,358.5K
corinnakopf,550,Beauty,6.7M,United States,461.9K,707.1K
angelinajolie,551,Family,13.2M,Brazil,216.4K,358.3K
asabopp,552,Cinema & Actors/actresses,5.8M,Brazil,555.7K,812.7K
naileadevora,553,Shows,5.2M,United States,613.7K,906.7K
lizakoshy,554,Cinema & Actors/actresses,20.1M,United States,173.4K,231.5K
marimaria,555,Beauty,20.1M,Brazil,119.7K,230.5K
ronaldo,556,Sports with a ball,23M,Brazil,116.6K,201.9K
gisele,557,ModelingFashionLifestyle,19.4M,Brazil,161.7K,240.1K
liverpoolfc,558,Sports with a ball,39.5M,United Kingdom,82.3K,116.7K
nehasharmaofficial,559,Cinema & Actors/actresses,14.6M,India,274K,315.2K
marcusrashford,560,Sports with a ball,12.8M,United Kingdom,227.9K,360.5K
golfarahani,561,Cinema & Actors/actresses,13.4M,Iran,266.4K,343.3K
fuckjerry,562,Humor & Fun & Happiness,16.8M,United States,212.2K,274K
nazriyafahadh,563,Lifestyle,6.1M,India,567.2K,759.9K
kyrieirving,564,Sports with a ball,16.9M,United States,178.9K,271.3K
xsqueezie,565,MusicLifestyle,7.9M,France,499.4K,584.2K
actorsuriya,566,Cinema & Actors/actresses,4.9M,India,731.7K,949.4K
easportsfifa,567,Sports with a ball,26.7M,Spain,100.5K,169.5K
nessabarrett,568,LifestyleMusic,7M,United States,481K,651.7K
trentarnold66,569,Sports with a ball,7.6M,United Kingdom,408.4K,598.3K
madisonbaileybabe,570,Lifestyle,6.7M,United States,362.4K,678.6K
jackharlow,571,LifestyleMusic,6.7M,United States,360.7K,673.9K
victoriajustice,572,MusicCinema & Actors/actressesModeling,22.7M,United States,144.7K,196.8K
amauryguichon,573,Food & Cooking,9M,United States,407.2K,497.2K
phoebejtonkin,574,BeautyCinema & Actors/actressesModeling,8.4M,United States,373K,532.6K
vanessamorgan,575,MusicCinema & Actors/actresses,9.5M,United States,330.5K,470.7K
smriti_mandhana,576,Sports with a ball,6.2M,India,621.3K,720.2K
shreyaghoshal,577,Music,24.4M,India,160.2K,180.3K
achrafhakimi,578,Sports with a ball,9.9M,Morocco,304.1K,446.8K
aleoliveiracm,579,Humor & Fun & Happiness,8.4M,Brazil,214.9K,549.8K
xuminghao_o,580,Music,4.9M,Indonesia,721.9K,910.3K
nita_shilimkar,581,FashionModeling,11.3M,India,289.8K,383K
jeromepolin,582,EducationHumor & Fun & Happiness,6.9M,Indonesia,429.8K,630.4K
sound_of_coups,583,,3.9M,Indonesia,863.9K,1.1M
aishwaryaraibachchan_arb,584,Cinema & Actors/actresses,10.4M,India,320.2K,408.7K
emiliamernes,585,Music,6M,Argentina,379.6K,714.3K
geewonii,586,,7.6M,Indonesia,428K,563.4K
markiplier,587,Shows,10.4M,United States,355.4K,404.7K
jairmessiasbolsonaro,588,Finance & EconomicsBusiness & Careers,20.2M,Brazil,151.6K,213.1K
loganpaul,589,Fitness & Gym,23.3M,United States,135K,179.7K
klaythompson,590,Sports with a ballLifestyle,12.9M,United States,223.3K,324.2K
malutrevejo,591,Music,11.6M,United States,201.4K,361.2K
virgilvandijk,592,Sports with a ball,12.3M,United Kingdom,238.5K,338.6K
frenkiedejong,593,Sports with a ball,10.6M,Spain,262.4K,393.9K
karelyruiz,594,Lifestyle,6.4M,Mexico,525.7K,660.2K
ciara,595,MusicModelingArt/Artists,32.3M,United States,95.7K,129.2K
joshu_acoustic,596,Music,4.2M,,0,1M
actorprabhas,597,,8.6M,India,434.2K,486K
avani,598,BeautyLifestyle,18.9M,United States,160.8K,216.9K
jensenackles,599,Cinema & Actors/actresses,9.6M,United States,336.9K,438.3K
jaybnow.hr,600,Music,6.9M,Brazil,463.3K,607.3K
jensenackles,601,Cinema & Actors/actresses,9.6M,United States,336.9K,438.3K
jaybnow.hr,602,Music,6.9M,Brazil,463.3K,607.3K
missasinfonia,603,Cinema & Actors/actresses,5.4M,Mexico,688.6K,771.8K
mattyperry4,604,,7.9M,Brazil,387.2K,528.6K
__youngbae__,605,Music,13.4M,Indonesia,269.6K,304.7K
zoeisabellakravitz,606,Cinema & Actors/actresses,8.5M,United States,318.5K,483.3K
premierleague,607,Sports with a ball,57.9M,United Kingdom,47.8K,69.8K
catherinemcbroom,608,Family,7.4M,United States,324.5K,558K
nehasharmaofficial,609,Cinema & Actors/actresses,14.6M,India,240.8K,276.2K
ridwankamil,610,Literature & JournalismBusiness & CareersFinance & Economics,18.3M,Indonesia,145.4K,220.6K
kit.connor,611,Cinema & Actors/actresses,4.3M,United States,570.1K,944.6K
toni.kr8s,612,Sports with a ball,34.2M,Germany,85.8K,117.1K
memezar,613,Cinema & Actors/actresses,23.4M,United States,114.9K,171K
dew_jsu,614,Cinema & Actors/actresses,6.1M,Indonesia,495.5K,666.3K
amadorat,615,FashionLifestyleBeauty,8.2M,Mexico,434.7K,485.5K
urstrulymahesh,616,Cinema & Actors/actresses,8.7M,India,419.8K,461.9K
xuminghao_o,617,Music,4.8M,Indonesia,659.9K,832K
theslumpgod,618,Music,5.4M,United States,428.6K,745.4K
tiffanyyoungofficial,619,ModelingFashion,12.3M,Indonesia,255.7K,320.3K
juventus,620,Sports with a ball,54M,India,48.4K,72.3K
iam_linyi,621,,3.9M,Indonesia,768.1K,1M
angeliqueboyer,622,ShowsCinema & Actors/actresses,14.2M,Brazil,219.5K,275.9K
pozevidalouca,623,LifestylePhotography,7M,Brazil,228.5K,574K
narins_beauty,624,Lifestyle,9M,Syria,362K,442K
bhadbhabie,625,Music,16.4M,United States,125.7K,236.2K
otabek_muhammadalievich,626,,20M,Russia,144.5K,195.2K
sushitrash,627,Music,6.3M,United States,511.3K,624.9K
djsnake,628,Music,9.5M,India,345K,409.9K
kareenakapoorkhan,629,FamilyCinema & Actors/actresses,9.4M,India,333.6K,415.8K
dindahw,630,Cinema & Actors/actresses,14.5M,Indonesia,177K,264.8K
chrismcg,631,,10.6M,United States,163.7K,360.4K
aslisona,632,Cinema & Actors/actressesLifestyle,23M,India,137.3K,166.8K
f1,633,Racing Sports,19.8M,Italy,150.8K,191.7K
davidalaba,634,Sports with a ball,10.1M,Spain,264.5K,374.9K
haifawehbe,635,Music,10.1M,Iraq,258.5K,378.2K
zo,636,Sports with a ball,14.2M,United States,147.9K,267.1K
felipeneto,637,Lifestyle,16M,Brazil,167.8K,237.5K
jaspritb1,638,Lifestyle,9.8M,India,339.2K,390.1K
maudeapatow,639,LifestyleCinema & Actors/actresses,4.9M,United States,471.4K,780.4K
taylor_hill,640,Art/ArtistsFashionModeling,19.9M,United States,126.9K,189.4K
regejean,641,Cinema & Actors/actressesMusic,6.3M,Brazil,380.7K,603.3K
anupamaparameswaran96,642,Cinema & Actors/actresses,12.2M,India,267.7K,306.7K
vikkialchester,643,Music,11M,Russia,279.3K,339.9K
simonettalein,644,BeautyCinema & Actors/actressesModeling,11.5M,India,234.2K,322.1K
troyesivan,645,Art/ArtistsFashionMusic,13.2M,United States,196.2K,282.2K
alvxaro,646,Lifestyle,9.7M,Brazil,156.2K,391K
paulwalker,647,Cinema & Actors/actresses,15M,India,179.8K,246.7K
amandacerny,648,Humor & Fun & Happiness,24M,India,95.8K,153.8K
yamigautam,649,Cinema & Actors/actresses,16M,India,198.7K,230.1K
candiceking,650,FamilyLifestyle,9.9M,Brazil,269.4K,375.7K
snoopdogg,651,LifestyleMusic,74.6M,United States,36.9K,49.8K
thiago6,652,Sports with a ball,9.6M,United Kingdom,226.4K,389K
toni.kr8s,653,Sports with a ball,34.3M,Germany,78.4K,106K
egorkreed,654,Music,14.7M,Russia,202.3K,248.9K
amybethmcnulty,655,LifestyleCinema & Actors/actresses,7.3M,Brazil,364.1K,499.7K
charles_leclerc,656,Racing Sports,8M,Italy,347K,461.1K
avengers,657,Cinema & Actors/actresses,13.5M,India,213.9K,268K
dbook,658,Sports with a ball,5.4M,United States,349.3K,687K
l7nnon,659,LifestyleArt/Artists,8.1M,Brazil,193.5K,460.9K
faz3,660,Lifestyle,14.4M,United Arab Emirates,194.8K,256.3K
kentooyamazaki,661,Cinema & Actors/actresses,5M,Japan,636.6K,740K
alishalehmann7,662,Sports with a ball,7.8M,Brazil,248.2K,468.8K
yamigautam,663,Cinema & Actors/actresses,16M,India,192.2K,223.5K
machinegunkelly,664,Music,9.7M,United States,234K,376.2K
davikah,665,Modeling,16.9M,Thailand,161.6K,210.2K
blythe,666,Cinema & Actors/actressesModelingLifestyle,13.5M,Philippines,229.7K,261.5K
kingryan,667,Fitness & Gym,8.9M,United States,267.2K,403.6K
sthefanematos,668,Lifestyle,9.9M,Brazil,159.3K,365.6K
_agentgirl_,669,Shows,18.6M,Russia,164.4K,189.4K
riyadmahrez26.7,670,Sports with a ball,9.1M,Algeria,306.8K,395.2K
ler_chek,671,LifestyleBeauty,10.4M,Russia,264K,342K
arthuraguiar,672,MusicCinema & Actors/actresses,13.9M,Brazil,116.9K,270.8K
harshbeniwal,673,Humor & Fun & HappinessShowsCinema & Actors/actresses,5.6M,India,488.4K,636K
youngdae0302,674,Music,4.4M,Indonesia,607.3K,801.6K
sugaringcandy,675,,2.5M,,0,1.4M
casemiro,676,Sports with a ball,15.9M,Spain,146.6K,219.8K
jojotodynho,677,Music,22.5M,Brazil,96.5K,155.3K
srinidhi_shetty,678,,4.2M,India,630.5K,849.2K
amin.hayai,679,,9M,Iran,301.5K,396.9K
dylanminnette,680,MusicCinema & Actors/actresses,7.4M,United States,292.1K,474.8K
djsnake,681,Music,9.6M,India,308.1K,366.2K
aliandooo,682,MusicCinema & Actors/actresses,16.7M,Indonesia,134.8K,215.1K
mclomaofficial,683,Music,8.1M,Brazil,253.1K,433.1K
ewsbdi,684,,4.5M,Indonesia,515.2K,770.1K
pokimanelol,685,LifestyleShowsComputers & Gadgets,6.1M,United States,430.6K,567K
emmaroberts,686,Cinema & Actors/actresses,18.1M,United States,126.7K,187.8K
lucyhale,687,Cinema & Actors/actresses,24.5M,United States,106.3K,139.1K
stebinben,688,MusicShows,10.6M,India,260.2K,318.9K
juki_lop,689,ShowsFamily,9.4M,Mexico,314.5K,365.5K
alfinetei,690,Humor & Fun & Happiness,21.7M,Brazil,71.1K,160.9K
centralcee,691,LifestyleMusicSports with a ball,3.7M,United Kingdom,382.2K,936K
syifahadjureal,692,Modeling,15.4M,Indonesia,177.6K,219.3K
d_degeaofficial,693,Sports with a ball,13.5M,United Kingdom,176.1K,248.8K
elmarianaa,694,Humor & Fun & Happiness,3.8M,Mexico,607.3K,887.8K
calumhood,695,Music,7M,United States,305.9K,490.9K
coolio_daryl,696,,5.9M,,0,581.3K
willyrex,697,Shows,8.7M,Spain,330.3K,392.1K
liltjay,698,LifestyleMusic,7.4M,United States,251.6K,464.5K
floydmayweather,699,Fitness & Gym,28.4M,United States,66.9K,118.1K
georgenotfound,700,,3M,United States,1M,1.1M
onwardwanna,701,LifestyleCinema & Actors/actresses,5.6M,United States,364.7K,608.3K
milad_khahhh,702,Lifestyle,6.5M,Iran,379.9K,541K
angela_aguilar_,703,Lifestyle,8.7M,Mexico,316.9K,383.6K
kaliuchis,704,Music,3.9M,United States,491.7K,848.7K
joaoguilherme,705,MusicCinema & Actors/actressesLifestyle,16.1M,Brazil,105.8K,205.5K
harshbeniwal,706,Humor & Fun & HappinessShowsCinema & Actors/actresses,5.6M,India,461.7K,601K
salmahayek,707,Cinema & Actors/actresses,21.5M,United States,123.9K,152.5K
rezagolzar,708,Cinema & Actors/actresses,12.2M,Iran,190.9K,280.7K
acunilicali,709,Cinema & Actors/actresses,13.7M,Turkey,198.6K,245.4K
lacikaysomers,710,MusicModelingArt/Artists,12.2M,United States,158.6K,272.3K
karna.val,711,Lifestyle,7.3M,Russia,385.1K,449.2K
arsenal,712,Sports with a ball,22.2M,United Kingdom,97.3K,146K
anas,713,FamilyShows,5.7M,,0,577.7K
saipallavi.senthamarai,714,,5.9M,India,481.1K,551.9K
nct_dream,715,,10.2M,Indonesia,280.8K,312.5K
violets.tv,716,Adult content,13.9M,Italy,171.7K,236K
tohi,717,Lifestyle,12M,Iran,188.4K,275.2K
rodridepaul,718,Sports with a ball,4.8M,Argentina,372.7K,675.7K
maneskinofficial,719,Lifestyle,6.1M,Italy,374.4K,528.4K
wanda_nara,720,Lifestyle,13.6M,Argentina,165.2K,233.3K
perspolis,721,Sports with a ball,8.1M,Iran,281.2K,400.1K
grisha_eric,722,,12.4M,Turkey,174.8K,252.1K
miamalkova,723,Cinema & Actors/actresses,11M,India,211.9K,287.6K
nba,724,Sports with a ball,69M,United States,29.9K,45.3K
gima_ashi,725,Lifestyle,14.6M,India,157.3K,214.4K
burcuozberk,726,Cinema & Actors/actresses,9.3M,Turkey,263.7K,341.7K
everyone_woo,727,,2.9M,Indonesia,835K,1.1M
egupta,728,LifestyleModeling,8.7M,India,286.4K,359.1K
jennifer.garner,729,Cinema & Actors/actresses,13.3M,United States,202.7K,229.3K
normani,730,Lifestyle,7.3M,United States,271.1K,423.6K
03_hu,731,Lifestyle,4.2M,South Korea,600.1K,736.1K
mrancelotti,732,Sports with a ball,8.4M,Italy,234.7K,366K
jorgelopez_as,733,Cinema & Actors/actresses,9.6M,Brazil,194K,318.5K
huddy,734,LifestyleArt/Artists,11.7M,United States,186.1K,256.9K
kenzie,735,Art/Artists,14.9M,United States,132.3K,201.4K
f1,736,Racing Sports,19.9M,Italy,119.9K,150.8K
staskaranikolaou,737,Lifestyle,11.1M,United States,184.6K,271.4K
saharghoreyshiofficialpage,738,Lifestyle,11.6M,Iran,179.7K,262K
beberexha,739,MusicLifestyle,10.8M,India,188.5K,279.2K
dqsalmaan,740,Cinema & Actors/actresses,10.6M,India,208.6K,282.5K
soyneiva,741,Adult content,11.9M,Brazil,188.4K,252.2K
tamannaahspeaks,742,MusicCinema & Actors/actresses,17.2M,India,148.1K,172.8K
dava_m,743,Business & Careers,13.6M,Russia,170.9K,220.9K
nodal,744,Music,9.4M,Mexico,220.7K,324.8K
vanessabryant,745,Sports with a ballLifestyleKids & Toys,15.6M,United States,144.6K,189.3K
littlemix,746,Music,16M,Brazil,137.9K,186.4K
issavegas,747,Fitness & Gym,9.1M,Mexico,281.7K,330.8K
iqbaal.e,748,Cinema & Actors/actresses,13.5M,Indonesia,127.7K,220K
fadiljaidi,749,Lifestyle,7.7M,Indonesia,259.5K,389.5K
briandadeyanara,750,,13M,Mexico,192.5K,226.6K
avrillavigne,751,MusicCinema & Actors/actressesFashion,11.4M,Brazil,207.3K,257.7K
rafaelnadal,752,Sports with a ball,15.6M,Spain,151.1K,188.8K
dearra,753,Lifestyle,6.3M,United States,192.2K,478.5K
courteneycoxofficial,754,Cinema & Actors/actresses,12.2M,India,180.9K,239.4K
superm,755,ShowsMusic,5.2M,Indonesia,502.2K,570.4K
tamerhosny,756,MusicCinema & Actors/actresses,22.7M,Egypt,105K,129.1K
valentinazenere,757,ModelingLifestyle,10M,Brazil,238.5K,290.3K
maddieziegler,758,Cinema & Actors/actressesModeling,13.9M,United States,139.1K,208.1K
canelo,759,Fitness & Gym,13.4M,Mexico,154.5K,215.7K
vernonline,760,,4.1M,,0,719.4K
veradijkmans,761,Adult content,5.4M,United States,391.8K,550.7K
willevy,762,ShowsCinema & Actors/actressesModeling,10.6M,Brazil,204.3K,275.5K
natalee.007,763,ModelingMusic,7M,United States,328K,419.6K
indiaroyale,764,Lifestyle,4.3M,United States,232.1K,687.7K
sebastianyatra,765,MusicArt/Artists,29.7M,Argentina,70.6K,97.6K
yefersoncossio,766,Lifestyle,9.5M,Colombia,213.2K,313K
nabilla,767,Beauty,7.7M,France,275K,378.6K
andresiniesta8,768,Sports with a ball,39.7M,Spain,49.4K,72.2K
spacex,769,ScienceMachinery & Technologies,15M,United States,157.9K,191.7K
letthelordbewithyou,770,LifestyleFamily,27.3M,United States,68.8K,105.1K
soueunavida,771,Humor & Fun & Happiness,18.1M,Brazil,84.2K,159.8K
tiagopzk,772,Music,5.1M,Argentina,249.9K,570.3K
la_beaute_africaine,773,Photography,1.6M,Senegal,919.9K,1.9M
alvaromorata,774,Sports with a ballLiterature & Journalism,17.4M,Italy,105.7K,164.1K
ansufati,775,Sports with a ball,8.7M,Spain,217.8K,330.3K
joelocke03,776,Cinema & Actors/actressesMusic,3.1M,United States,0,918.6K
dagelan,777,Humor & Fun & Happiness,20.9M,Indonesia,80.8K,137.6K
bumkeyk,778,Music,9.2M,Indonesia,259.1K,310.4K
tombrady,779,Sports with a ball,12.5M,United States,123K,227.9K
streetartglobe,780,Art/Artists,17M,United States,123K,166.8K
nobru,781,Machinery & TechnologiesComputers & Gadgets,13.5M,Brazil,145.3K,211.9K
philfoden,782,Sports with a ball,5M,United Kingdom,326.2K,571.5K
brycehall,783,Music,7.3M,United States,304.6K,390.7K
kaka,784,Sports with a ball,18.7M,Brazil,91K,148.4K
adidasfootball,785,Sports with a ball,31.5M,Brazil,64.8K,88.1K
asala,786,Shows,6.9M,United Arab Emirates,0,408.6K
theamitbhadana,787,Shows,8.4M,India,277.6K,342.8K
yg_treasure_official,788,Music,5.4M,Indonesia,408.9K,522.6K
brfootball,789,Sports with a ball,12.4M,United States,137.9K,222.5K
jenna_chew,790,Fitness & Gym,6.7M,United States,344.9K,421.4K
cocielo,791,Cinema & Actors/actresses,18.7M,Brazil,94.5K,147.7K
hyeri_0609,792,Music,7.3M,South Korea,320.1K,385.7K
netflix,793,Cinema & Actors/actressesShows,30.4M,Brazil,55.8K,90.5K
sagar_pop02,794,Lifestyle,7.5M,India,237.7K,373.9K
skaijackson,795,LifestyleBeauty,8M,United States,198.4K,350.5K
dejesusoficial,796,Sports with a ball,17.5M,Brazil,101.6K,156.8K
kawtarbamo,797,Cinema & Actors/actresses,7.4M,Morocco,277K,375.3K
roddyricch,798,Lifestyle,6.9M,United States,210.5K,404.2K
barackobama,799,Finance & EconomicsBusiness & CareersFamily,35.4M,United States,66.7K,77.5K
dhanushkraja,800,Cinema & Actors/actresses,4.4M,India,489.7K,634.4K
bowerjamie,801,Cinema & Actors/actresses,3.8M,Italy,547.2K,730K
galatasaray,802,Sports with a ball,11.5M,Turkey,195.7K,236.4K
tomhardy,803,LifestyleCinema & Actors/actressesModeling,8.7M,Iran,252.6K,313.5K
pooorblack,804,,4.6M,Iran,472.8K,611.6K
tejasswiprakash,805,Beauty,6.1M,India,396.1K,491.8K
larray,806,LifestyleModelingFashion,6.8M,United States,277.6K,406.4K
princessyahrini,807,Music,39.6M,Indonesia,51.4K,68K
celestinegonzaga,808,Music,7.6M,Philippines,323.2K,360.6K
nicolebahls,809,Modeling,18.3M,Brazil,83.8K,148.8K
noahbeck,810,Sports with a ball,9.2M,United States,180.6K,298.3K
jordialbaoficial,811,Sports with a ball,14.5M,Spain,128.6K,185.5K
teyanataylor,812,Music,15.2M,United States,104.2K,177.1K
residente,813,Music,8.8M,Colombia,202.8K,314.7K
sivakarthikeyan,814,,5.1M,India,456K,537.1K
wolfiecindy,815,ModelingLifestyle,7.1M,United States,230.5K,383.3K
canelo,816,Fitness & Gym,13.4M,Mexico,143.1K,198.8K
juliopfernandez,817,,3.5M,Brazil,618.1K,786.3K
urassayas,818,Cinema & Actors/actressesModelingFashion,11.8M,Thailand,185.5K,226.5K
loud_babi,819,Lifestyle,9.1M,Brazil,186.4K,300.5K
aurelie.hermansyah,820,Beauty,26.6M,Indonesia,80.2K,100.8K
watanabenaomi703,821,Cinema & Actors/actressesHumor & Fun & HappinessModeling,9.9M,Japan,257.2K,273.9K
sandrinna_11,822,Lifestyle,10.7M,Indonesia,193.9K,247.6K
irinashayk,823,Modeling,18.8M,Russia,102.1K,140.8K
pledis_boos,824,Music,4.1M,Indonesia,540.2K,654.9K
jessicajane99,825,Lifestyle,6M,Indonesia,340.9K,449.4K
soydannyalfaro,826,Beauty,8.1M,Mexico,289.9K,331.6K
wdohwan,827,Cinema & Actors/actresses,4.5M,Indonesia,452.2K,599.2K
albafloresoficial,828,Cinema & Actors/actresses,11.7M,Spain,167.3K,225.4K
borodylia,829,ShowsFamily,18.4M,Russia,116.7K,143.4K
markruffalo,830,Cinema & Actors/actresses,20.9M,Brazil,100K,127.3K
adinross,831,,3M,United States,509K,1M
anwar,832,Shows,10.3M,United States,173.7K,256K
iampauloandre,833,Lifestyle,10M,Brazil,76.9K,270.3K
mirandacosgrove,834,MusicCinema & Actors/actressesLifestyle,9.9M,Brazil,172.6K,269.2K
nikitadragun,835,BeautyModelingAdult content,9M,United States,193.5K,295.7K
alexis_officia1,836,Sports with a ball,14.1M,Chile,113K,186.3K
sophiedee,837,Adult content,12.3M,United States,160.8K,214.2K
arsenal,838,Sports with a ball,22.2M,United Kingdom,78.2K,117.7K
marcoasensio10,839,Sports with a ball,14.5M,Spain,116.5K,178.9K
elliotpage,840,,6.1M,United States,299.7K,431.5K
theellenshow,841,ShowsCinema & Actors/actresses,123.7M,United States,20.6K,21.1K
dudewithsign,842,,8.1M,United States,204.9K,323.2K
jamorant,843,LifestyleSports with a ball,7.4M,United States,218.9K,353.7K
josephquinn,844,,2.5M,,0,1.1M
saythename_17,845,Music,9.6M,Indonesia,240.1K,269.6K
ludmilla,846,Music,27.4M,Brazil,64.7K,95.8K
nidhhiagerwal,847,LifestyleModelingCinema & Actors/actresses,24.3M,India,87.3K,105.7K
anirudhofficial,848,LifestyleMusic,6M,India,342.5K,433.6K
kto_takaya,849,Family,7M,Russia,303.5K,374.4K
you_r_love,850,,5.5M,Indonesia,364.2K,465.3K
dudewithsign,851,,8.1M,United States,204.3K,322.4K
saythename_17,852,Music,9.6M,Indonesia,240.1K,269.6K
ludmilla,853,Music,27.4M,Brazil,64.7K,95.8K
nidhhiagerwal,854,LifestyleModelingCinema & Actors/actresses,24.3M,India,87.3K,105.7K
anirudhofficial,855,LifestyleMusic,6M,India,342.5K,433.6K
kto_takaya,856,Family,7M,Russia,303.5K,374.4K
you_r_love,857,,5.5M,Indonesia,364.2K,465.3K
kikakim,858,Lifestyle,6.9M,Kazakhstan,279.9K,370.6K
chelseafc,859,Sports with a ball,34.8M,Indonesia,48.9K,72.7K
luara,860,Music,15.9M,Brazil,95.9K,158.3K
filiperet,861,Lifestyle,6.8M,Brazil,147.9K,379.4K
subo_m,862,Shows,9.8M,Russia,213.8K,262.4K
rogerfederer,863,Sports with a ball,9.6M,Spain,205.3K,265.4K
belindapop,864,Music,15.5M,Mexico,113.6K,162.8K
miketyson,865,Fitness & Gym,19M,United States,102K,131.2K
sonu_sood,866,Cinema & Actors/actresses,14.4M,India,151.5K,172.8K
sinavaliollah,867,Shows,7.3M,Iran,277.1K,350.1K
jamorant,868,LifestyleSports with a ball,7.3M,United States,212K,342.5K
priyankaamohanofficial,869,LifestyleCinema & Actors/actresses,3.2M,India,677K,777K
massafera,870,Cinema & Actors/actressesLifestyle,25.3M,Brazil,67.2K,97.8K
bleacherreport,871,Sports with a ball,19.3M,United States,64.8K,128.4K
lizzobeeating,872,MusicLifestyle,12.7M,United States,137.9K,193.2K
raashiikhanna,873,Cinema & Actors/actressesMusic,8.5M,India,246.4K,293.8K
toniruediger,874,Sports with a ball,4M,United Kingdom,414.4K,622.5K
fernandasouzaoficial,875,MusicCinema & Actors/actresses,22M,Brazil,81.1K,111.6K
fedeevalverde,876,Sports with a ball,6.3M,Spain,278.8K,395K
pledis_boos,877,Music,4.1M,Indonesia,501.5K,608.3K
mohanshakti,878,Art/ArtistsCinema & Actors/actresses,16.2M,India,124.3K,150K
gabigol,879,Sports with a ball,9.9M,Brazil,167K,252.5K
rebelwilson,880,Cinema & Actors/actresses,11.3M,United States,185.8K,214.4K
aidanrgallagher,881,Music,7.5M,Mexico,272.4K,328K
friends,882,Shows,11.9M,Brazil,161.5K,202.8K
iamyanetgarcia,883,Cinema & Actors/actressesModelingFashion,14.8M,Mexico,128.2K,163K
vanessalopesr_,884,Music,11.7M,Brazil,63.1K,205.3K
funnymike,885,Art/Artists,8M,United States,174.7K,309.2K
ahmedabohashima,886,Business & CareersFinance & Economics,15.7M,Egypt,112.8K,152.6K
min.nicha,887,Lifestyle,3.7M,Thailand,473.2K,646.4K
39saku_chan,888,Cinema & Actors/actresses,3.6M,Indonesia,542.9K,669.3K
bclsinclair,889,Music,21M,Indonesia,71.9K,113.6K
humansofny,890,LifestylePhotography,12.1M,United States,167.2K,197.8K
dk_is_dokyeom,891,,3M,Iran,674.8K,813.2K
mariapedraza_,892,Cinema & Actors/actresses,12M,Spain,150.1K,198K
ms.sethii,893,,6.5M,United States,248.9K,376.6K
nazormaya,894,LifestylePhotography,3.5M,Mexico,459.2K,679.7K
galatasaray,895,Sports with a ball,11.5M,Turkey,171.7K,207.5K
arashi_5_official,896,Music,4.4M,Japan,536.8K,559.8K
francinyehlke,897,Beauty,15.4M,Brazil,70.7K,154.4K
lucianohuck,898,Shows,20.4M,Brazil,93.1K,117.4K
xbox,899,Computers & GadgetsMachinery & Technologies,12.8M,United States,151.7K,185.4K
jadenhossler,900,Music,4.6M,United States,336.5K,518.9K
leighannepinnock,901,Music,9M,Brazil,184.4K,262.5K
alexisren,902,Lifestyle,16.6M,United States,89.6K,139.8K
i_nivethathomas,903,Cinema & Actors/actresses,6.1M,India,338K,382.5K
streetartglobe,904,Art/Artists,16.9M,United States,100.2K,136.8K
tontawan,905,Lifestyle,3.7M,Thailand,481.5K,633.3K
serenayss,906,Cinema & Actors/actressesModelingFashion,9.4M,Turkey,194.8K,249.6K
alexadellanos,907,Lifestyle,9.4M,United States,158.2K,247.4K
gildovigor,908,FamilyLifestyleCinema & Actors/actresses,15.1M,Brazil,113.6K,160.7K
dance_malyshka_offi,909,Art/Artists,3.5M,Russia,528.5K,676.7K
oprah,910,Art/ArtistsCinema & Actors/actressesShows,21.3M,United States,91.3K,108.3K
jadethirlwall,911,MusicArt/Artists,9.3M,United States,190.3K,249.1K
mterstegen1,912,Sports with a ball,13.5M,Spain,111.7K,168.1K
madonna,913,Music,18.4M,Italy,83.7K,125.6K
karrrambaby,914,Lifestyle,4M,Russia,520.5K,577.4K
sincerooficial,915,Humor & Fun & Happiness,21.5M,Brazil,54.6K,105.3K
coldplay,916,Music,16.6M,Brazil,98.2K,136.7K
tommyinnit,917,Lifestyle,3.5M,France,586.8K,662.4K
vicdeangelis,918,Lifestyle,3.7M,Italy,417.9K,619.6K
kaylanicolejones,919,Shows,7.5M,United States,144.5K,305.9K
mahnaz_afshar,920,Cinema & Actors/actressesLifestyle,16.3M,Iran,101.3K,139K
eda.ece,921,LifestyleCinema & Actors/actresses,6.5M,Turkey,283.8K,349.3K
ateez_official_,922,,6.8M,United States,293.8K,337.8K
wizkhalifa,923,MusicArt/Artists,38.4M,India,41.3K,58.5K
dean.schneider,924,Animals,10.1M,India,173.1K,222K
hazalkaya,925,Cinema & Actors/actressesLifestyle,7.2M,Turkey,266.8K,316.1K
sooyoungchoi,926,BeautyLifestyleFashion,7.1M,Indonesia,264.1K,318.8K
therealjosephmorgan,927,Cinema & Actors/actressesLifestyle,8M,Brazil,226.8K,284.3K
isaias,928,Shows,9.2M,Brazil,75.3K,248K
rossbutler,929,Cinema & Actors/actresses,10.4M,United States,152.6K,213.4K
jackblack,930,Cinema & Actors/actresses,8.8M,United States,196.6K,256.7K
tammyhembrow,931,Fitness & Gym,15.3M,United States,76.8K,145K
themermaidscales,932,Fashion,6.6M,India,274K,338K
dababy,933,Music,21.2M,United States,65.3K,105.9K
theshilpashetty,934,Cinema & Actors/actresses,26M,India,74.1K,85.3K
adamsandler,935,Cinema & Actors/actresses,13.4M,United States,130.5K,166.6K
elcinsangu,936,Cinema & Actors/actressesLifestyle,8.5M,Turkey,220K,264.7K
kashikakapoor09,937,,8.1M,Indonesia,258.5K,278.4K
jessica.syj,938,ModelingBeauty,10.7M,Indonesia,168.8K,206.1K
esbilgic,939,LifestyleModeling,7M,India,252.4K,321.2K
imcryansp,940,,4M,Brazil,236.1K,561.7K
acunilicali,941,Cinema & Actors/actresses,13.7M,Turkey,134.3K,168.3K
canyaman,942,Cinema & Actors/actressesModeling,9.8M,Italy,185.8K,230.9K
eilirjani,943,Lifestyle,10.3M,Albania,147.5K,212.9K
jeremyrenner,944,ShowsCinema & Actors/actresses,17.8M,United States,102.8K,123.4K
felicyangelista_,945,Family,21.5M,Indonesia,73.6K,101.4K
grefg_official,946,Computers & GadgetsMachinery & Technologies,7.4M,Spain,247.3K,297.8K
cole.labrant,947,LifestyleFashion,5.1M,United States,310.9K,438.1K
e_milygarcia,948,Cinema & Actors/actresses,11.2M,Brazil,119.2K,197.2K
jharden13,949,Sports with a ball,11.6M,United States,109.8K,188.4K
samsmith,950,MusicFashion,14.6M,United States,102K,149.3K
kashikakapoor09,951,BeautyCinema & Actors/actresses,8.1M,Indonesia,253.9K,273.9K
ncentineo,952,Cinema & Actors/actresses,16.8M,Brazil,77.8K,129.2K
valeyellow46,953,Racing Sports,13.9M,Indonesia,119.3K,155.9K
pharrell,954,Music,13.9M,United States,109.3K,155.9K
joshrichards,955,ShowsModeling,6.9M,United States,225.8K,316.7K
rubyrose,956,Modeling,19.7M,United States,82.5K,109.7K
sabinahidalgo,957,LifestyleMusicArt/Artists,4.7M,Brazil,399.6K,479.5K
hitocaesar,958,Lifestyle,13.6M,Indonesia,112.9K,159K
romeestrijd,959,Modeling,7.7M,United States,190.2K,283.9K
wikkiofficial,960,Humor & Fun & HappinessCinema & Actors/actresses,2.6M,India,675.1K,840.6K
apple,961,Computers & GadgetsPhotography,27.8M,India,57.9K,77.3K
divyankatripathidahiya,962,ShowsCinema & Actors/actresses,20.4M,India,92K,105.9K
hadise,963,MusicShows,13.8M,Turkey,133.2K,155.5K
realhinakhan,964,Cinema & Actors/actresses,17.2M,India,102.1K,125.3K
krithi.shetty_official,965,BeautyHumor & Fun & HappinessCinema & Actors/actresses,3.5M,India,527.9K,624.4K
dorra_zarrouk,966,Cinema & Actors/actressesFashion,15.8M,Egypt,100.5K,134.5K
roberto_firmino,967,Sports with a ball,13.6M,Brazil,104.7K,156.1K
alvaromorte,968,Cinema & Actors/actresses,12.2M,India,126.8K,173.7K
wilbursoot,969,Music,3.1M,United States,539.9K,692.2K
warriors,970,LifestyleSports with a ball,24.8M,United States,60.9K,85.5K
jacksepticeye,971,Computers & GadgetsMachinery & Technologies,7.9M,United States,233.5K,271K
hank_says_hank,972,,3.2M,South Korea,566.7K,665.1K
bypamella,973,Shows,9.8M,Brazil,127.8K,218.9K
raashiikhanna,974,Cinema & Actors/actressesMusic,8.5M,India,211.6K,252.1K
pandorakaaki,975,Adult content,7.3M,United States,214.2K,295.2K
jenniferwinget1,976,Cinema & Actors/actresses,13.1M,India,131.1K,160.2K
nadine.nassib.njeim,977,Cinema & Actors/actressesModeling,15M,Iraq,98.8K,140.4K
shahinsamadpoor,978,Literature & JournalismCinema & Actors/actresses,4.5M,Iran,365.3K,481.4K
julienco_,979,LifestyleFamily,6.3M,Germany,273.4K,337.5K
allusnehareddy,980,,8.2M,India,220.7K,256.1K
voguemagazine,981,Literature & JournalismFashion,39.6M,United States,34.2K,52.5K
ho5hi_kwon,982,,3M,Indonesia,547K,712.1K
melissabenoist,983,FamilyCinema & Actors/actresses,4.8M,United States,324.7K,439.5K
barstoolsports,984,Lifestyle,13.9M,United States,98.2K,148.2K
piyanka_mongia,985,Humor & Fun & HappinessLifestyleBeauty,8.8M,India,191.5K,240.4K
5sos,986,Music,10.1M,United States,147.4K,203.6K
jxxvvxxk,987,,3.4M,Indonesia,489.8K,614.3K
lynaritaa,988,Lifestyle,9M,United States,176.7K,234.1K
tomo.y9,989,MusicArt/Artists,5M,Japan,393.6K,422K
wayvofficial,990,Music,7.3M,Indonesia,238.2K,283.7K
supremo_dp,991,Music,5M,Philippines,337.9K,416.3K
jaredleto,992,MusicCinema & Actors/actresses,10.9M,United States,149.9K,188.5K
thariqhalilintar,993,Shows,7.4M,Indonesia,225.6K,279.5K
ferozekhan,994,LifestyleModeling,6.6M,Pakistan,267.4K,315.8K
garciajoshuae,995,Modeling,5M,Philippines,357.5K,412.1K
nimratkhairaofficial,996,Music,8M,India,211.1K,261.8K
hanhyojoo222,997,TravelCinema & Actors/actresses,4M,Indonesia,434.2K,518.2K
memphisdepay,998,Sports with a ball,15M,France,76.4K,135.5K
arminzareeiofficial,999,,9.8M,Iran,135.4K,214K
noorstars,1000,Shows,13M,Iraq,117.6K,157.6K
